mtllib materials.mtl
v -0.4036495 -0.05952585 -0.2781532
v -0.4101295 -0.0561738 -0.2455368
v -0.4094426 -0.06107545 -0.2430011
v -0.4028332 -0.06454682 -0.2759054
v -0.3136926 -0.0222578 -0.1319309
v -0.3151507 -0.01697695 -0.1328876
v -0.2949283 -0.01649678 -0.1453894
v -0.2941328 -0.02198386 -0.1449573
v -0.3755726 -0.0605104 -0.2760915
v -0.3737954 -0.06524289 -0.2737731
v -0.3220104 -0.02579081 -0.1461577
v -0.3203332 -0.02237737 -0.1482459
v -0.2994182 -0.0137198 -0.1373877
v -0.3009257 -0.01713479 -0.1351762
v -0.3177645 -0.02233982 -0.1517425
v -0.2968852 -0.01368201 -0.1409102
v -0.3162386 -0.02570665 -0.1540144
v -0.2952341 -0.01704991 -0.1430912
v -0.3169045 -0.02994239 -0.1533509
v -0.2957082 -0.02128744 -0.1422883
v -0.3192608 -0.03185761 -0.1502517
v -0.2979505 -0.02320349 -0.1391062
v -0.3215331 -0.03000998 -0.1470504
v -0.3002725 -0.02135539 -0.135941
v -0.2895983 -0.009566665 -0.1312625
v -0.2911182 -0.01298177 -0.1290599
v -0.287096 -0.009529352 -0.1348069
v -0.2854958 -0.01289821 -0.1370241
v -0.2860025 -0.01713622 -0.1362445
v -0.2882347 -0.01905215 -0.1330551
v -0.2905113 -0.01720321 -0.1298577
v -0.2767462 -0.006663322 -0.1216488
v -0.2782448 -0.01007819 -0.1194313
v -0.2742828 -0.006626368 -0.1252203
v -0.2727097 -0.009995461 -0.1274565
v -0.2732114 -0.01423347 -0.1266734
v -0.2754102 -0.01614904 -0.1234607
v -0.2776503 -0.01429975 -0.1202377
v -0.2618281 -0.006383419 -0.1107079
v -0.2633075 -0.009798169 -0.1084773
v -0.259392 -0.006346703 -0.1142981
v -0.2578338 -0.009716034 -0.1165445
v -0.2583268 -0.01395392 -0.1157554
v -0.2604997 -0.01586926 -0.1125251
v -0.2627164 -0.01401973 -0.109286
v -0.2469494 -0.005495071 -0.1009786
v -0.2483948 -0.008909464 -0.0987251
v -0.2445447 -0.005458832 -0.1045899
v -0.2429914 -0.008828163 -0.1068396
v -0.2434592 -0.01306581 -0.1060336
v -0.2455958 -0.01498067 -0.1027788
v -0.2477924 -0.01313078 -0.09952627
v -0.2299117 -0.00782299 -0.09157532
v -0.2313367 -0.01123714 -0.08930844
v -0.2275505 -0.007787466 -0.09521528
v -0.2260313 -0.01115727 -0.09748733
v -0.226498 -0.01539493 -0.09668061
v -0.2285992 -0.01730919 -0.09340253
v -0.2307527 -0.0154587 -0.09012166
v -0.2109083 -0.008544564 -0.0814227
v -0.2123207 -0.0119586 -0.07914768
v -0.2085809 -0.008509517 -0.08508432
v -0.2070911 -0.01187956 -0.08737527
v -0.2075607 -0.01611733 -0.08657046
v -0.2096362 -0.01803124 -0.08327581
v -0.2117545 -0.0161804 -0.07997243
v -0.1912277 -0.004082203 -0.07301177
v -0.1926096 -0.00749588 -0.07071756
v -0.1889351 -0.004047632 -0.07669526
v -0.1874582 -0.007417798 -0.07899432
v -0.1879091 -0.01165533 -0.07817774
v -0.1899483 -0.01356888 -0.07486032
v -0.1920402 -0.01171768 -0.07154028
v -0.171294 -0.003437042 -0.06453599
v -0.1726461 -0.006850243 -0.06222342
v -0.1690314 -0.003402948 -0.06823801
v -0.1675622 -0.006773233 -0.07054181
v -0.1679927 -0.01101041 -0.06971262
v -0.1699988 -0.01292348 -0.06637476
v -0.1720697 -0.01107192 -0.06304179
v -0.151259 -0.003116608 -0.0564743
v -0.1525935 -0.00652945 -0.05415103
v -0.1490204 -0.003082871 -0.0601909
v -0.1475636 -0.006453395 -0.06250219
v -0.1479855 -0.01069045 -0.06166779
v -0.1499684 -0.01260304 -0.05831589
v -0.1520192 -0.01075113 -0.05497067
v -0.1308931 -0.003648281 -0.04875918
v -0.1321939 -0.007060528 -0.04641585
v -0.1286949 -0.003615379 -0.05249977
v -0.1272546 -0.00698626 -0.05482094
v -0.1276569 -0.01122296 -0.05397485
v -0.1295987 -0.01313472 -0.05059849
v -0.1316179 -0.01128209 -0.04723446
v -0.1089464 -0.00416553 -0.03986983
v -0.1102228 -0.0075773 -0.0375123
v -0.1067879 -0.004133582 -0.04363349
v -0.1053728 -0.00750494 -0.04596923
v -0.1057666 -0.01174152 -0.04511826
v -0.1076729 -0.01365244 -0.04172121
v -0.109656 -0.01179898 -0.03833629
v -0.08576164 -0.004285574 -0.03047179
v -0.08702531 -0.007697105 -0.02810703
v -0.08363059 -0.004254222 -0.03425102
v -0.08223683 -0.007626057 -0.03659897
v -0.08263007 -0.01186264 -0.03574766
v -0.08451405 -0.01377308 -0.03233793
v -0.0864701 -0.01191902 -0.02893759
v -0.06339967 -0.001949906 -0.02199234
v -0.06466788 -0.005361438 -0.01963012
v -0.0613001 -0.001919031 -0.02578916
v -0.05995014 -0.005291581 -0.02816157
v -0.06036648 -0.009528518 -0.02732317
v -0.06223547 -0.01143873 -0.02390508
v -0.06414974 -0.00958395 -0.02048139
v -0.03857163 0.001048923 -0.01221289
v -0.0398021 -0.002362251 -0.009830192
v -0.03653151 0.001079082 -0.01604201
v -0.035218 -0.002293825 -0.01843421
v -0.0356203 -0.006530643 -0.01758818
v -0.03743538 -0.008440256 -0.01414083
v -0.03929639 -0.006584883 -0.01068823
v -0.01162392 0.001669765 0.0008304566
v -0.01277402 -0.001739979 0.003255054
v -0.009655207 0.001698613 -0.003035858
v -0.008350313 -0.001674414 -0.005432531
v -0.008692026 -0.005910158 -0.004554942
v -0.01042283 -0.007818222 -0.001063719
v -0.01223943 -0.005962014 0.002412036
v -0.4756665 -0.03523862 -0.1237294
v -0.4491571 -0.03006744 -0.1029451
v -0.4472003 -0.03506196 -0.1011054
v -0.4739211 -0.04038656 -0.1221136
v -0.297556 -0.02285075 -0.1383071
v -0.298418 -0.01726735 -0.1387995
v -0.2999458 -0.02238071 -0.1624527
v -0.2998931 -0.02798653 -0.1615981
v -0.4606485 -0.04389906 -0.1466323
v -0.4583474 -0.04902697 -0.1458782
v 0.01650649 -0.006353855 0.01726304
v 0.01827618 -0.008211136 0.01376371
v -0.01042283 -0.007818222 -0.001063719
v -0.01223943 -0.005962014 0.002412036
v 0.01996514 -0.006304145 0.01025157
v -0.008692026 -0.005910158 -0.004554942
v 0.02030161 -0.00206852 0.009371296
v -0.008350313 -0.001674414 -0.005432531
v 0.01903197 0.001305342 0.01178567
v -0.009655207 0.001698613 -0.003035858
v 0.01711252 0.001277685 0.01567669
v -0.01162392 0.001669765 0.0008304566
v 0.01598856 -0.002131462 0.01811437
v -0.01277402 -0.001739979 0.003255054
v 0.04378754 0.001971841 0.02883305
v 0.04267123 -0.001437187 0.03127442
v 0.04564929 0.001998425 0.02491407
v 0.04685465 -0.00137651 0.02246858
v 0.04649574 -0.005612612 0.02333798
v 0.04484302 -0.007518888 0.02686767
v 0.04314104 -0.005660415 0.03039978
v 0.07329127 0.003518581 0.04305296
v 0.07223311 0.000110507 0.04552139
v 0.07508922 0.003544092 0.03910433
v 0.0762732 0.0001689196 0.03664885
v 0.07595137 -0.004066586 0.0375355
v 0.0743663 -0.005971789 0.04109667
v 0.07271156 -0.004112601 0.04465078
v 0.102234 0.00458467 0.05650051
v 0.1012185 0.00117743 0.05898805
v 0.1039768 0.004608989 0.05252726
v 0.1051348 0.001233339 0.05006014
v 0.1048356 -0.00300169 0.05095692
v 0.1033048 -0.00490582 0.05454235
v 0.1016951 -0.003045678 0.0581166
v 0.1295505 0.002118587 0.06810109
v 0.1285489 -0.001288414 0.07059459
v 0.1312471 0.002141953 0.06410791
v 0.1323612 -0.001234531 0.0616218
v 0.1320536 -0.00546968 0.06251495
v 0.1305561 -0.007373214 0.06611477
v 0.1289964 -0.005511999 0.06971063
v 0.1544375 0.001368284 0.07717977
v 0.1534607 -0.00203836 0.07968359
v 0.1560879 0.001390934 0.07316722
v 0.1571692 -0.001986146 0.07066737
v 0.1568668 -0.006221175 0.07156272
v 0.1554087 -0.008124113 0.075179
v 0.153893 -0.006262183 0.07879324
v 0.1784568 0.005990386 0.08510514
v 0.177504 0.002584219 0.08761866
v 0.180069 0.00601244 0.08107705
v 0.1811265 0.002635002 0.07856755
v 0.1808329 -0.001599789 0.07946645
v 0.1794093 -0.00350225 0.08309676
v 0.1779279 -0.001639724 0.08672495
v 0.2009048 0.01061594 0.09282629
v 0.1999707 0.007210016 0.09534715
v 0.2024761 0.0106374 0.08878212
v 0.2035015 0.007259488 0.08625989
v 0.2032084 0.003024697 0.08715905
v 0.2018179 0.001122713 0.09080239
v 0.200377 0.002985835 0.09444655
v 0.2230285 0.01079488 0.1014987
v 0.2221295 0.007389426 0.1040329
v 0.224553 0.01081562 0.09743662
v 0.2255551 0.007437348 0.09490551
v 0.2252799 0.003202915 0.09581147
v 0.2239348 0.001301527 0.09947218
v 0.2225329 0.003165245 0.1031312
v 0.2454284 0.009751678 0.1099036
v 0.2445406 0.006346345 0.112442
v 0.2469087 0.009771824 0.1058253
v 0.2478669 0.006392956 0.103278
v 0.2475812 0.002158403 0.10418
v 0.2462669 0.0002573729 0.1078521
v 0.2449138 0.002121806 0.1115291
v 0.2663744 0.009229183 0.1174011
v 0.2655002 0.00582397 0.1199444
v 0.2678205 0.009249091 0.1133105
v 0.2687495 0.005869865 0.1107527
v 0.2684618 0.001635313 0.1116541
v 0.2671741 -0.0002654791 0.1153356
v 0.2658561 0.001599312 0.1190253
v 0.285646 0.01019335 0.1233375
v 0.2848062 0.006788492 0.1258927
v 0.2870554 0.0102129 0.119234
v 0.2879732 0.006833673 0.1166723
v 0.2877078 0.002599239 0.1175815
v 0.2864596 0.0006988049 0.1212768
v 0.2851682 0.002563834 0.1249758
v 0.3028584 0.01100194 0.1281503
v 0.3020295 0.007597208 0.1307092
v 0.3042355 0.01102126 0.1240359
v 0.3051237 0.007641673 0.1214641
v 0.304854 0.00340724 0.1223719
v 0.3036298 0.001507044 0.1260753
v 0.3023728 0.003372431 0.1297859
v 0.3198068 0.0116564 0.132157
v 0.3189902 0.008251786 0.13472
v 0.3211553 0.0116756 0.1280331
v 0.3220199 0.008295774 0.1254536
v 0.3217495 0.004061341 0.126361
v 0.3205481 0.002161264 0.130072
v 0.3193201 0.00402689 0.1337922
v 0.3352943 0.01068711 0.1367847
v 0.3344916 0.007282615 0.1393522
v 0.3366135 0.01070619 0.1326514
v 0.3374553 0.007326245 0.1300645
v 0.3371857 0.003091812 0.1309722
v 0.3360083 0.001191854 0.134691
v 0.3348093 0.003057599 0.1384205
v 0.3508075 0.008904576 0.1423287
v 0.3500234 0.005500078 0.1449021
v 0.3520951 0.008923411 0.1381854
v 0.3529162 0.00554347 0.135592
v 0.3526524 0.001309037 0.1365015
v 0.3515029 -0.0005908012 0.1402291
v 0.3503329 0.001275063 0.1439677
v 0.3658229 0.001422167 0.1490333
v 0.3669548 -0.0004438162 0.145283
v 0.3515029 -0.0005908012 0.1402291
v 0.3503329 0.001275063 0.1439677
v 0.3680711 0.001455903 0.1415453
v 0.3526524 0.001309037 0.1365015
v 0.3683316 0.005690336 0.1406348
v 0.3529162 0.00554347 0.135592
v 0.3675395 0.009070396 0.1432371
v 0.3520951 0.008923411 0.1381854
v 0.3662916 0.009051681 0.1473925
v 0.3508075 0.008904576 0.1423287
v 0.3655278 0.005647182 0.149972
v 0.3500234 0.005500078 0.1449021
v 0.3827252 0.006631374 0.1532851
v 0.3819869 0.003226995 0.1558722
v 0.3839406 0.006649971 0.1491201
v 0.3847176 0.003269911 0.1465133
v 0.3844709 -0.0009645224 0.1474279
v 0.3833868 -0.002864122 0.1511751
v 0.3822813 -0.0009980202 0.1549332
v 0.3982555 0.005830646 0.1592103
v 0.3975448 0.002426386 0.1618053
v 0.3994283 0.005849004 0.1550331
v 0.4001799 0.002468824 0.1524191
v 0.3999439 -0.001765609 0.1533367
v 0.3988987 -0.00366497 0.1570951
v 0.397831 -0.00179863 0.160864
v 0.4152091 0.005307436 0.1659721
v 0.4145177 0.001903296 0.1685724
v 0.4163507 0.005325556 0.1617862
v 0.4170824 0.001945257 0.1591667
v 0.4168531 -0.002289057 0.1600862
v 0.4158359 -0.004188299 0.1638524
v 0.4147966 -0.002321839 0.1676291
v 0.4313619 0.006096482 0.1720442
v 0.4306903 0.002692461 0.1746498
v 0.4324706 0.006114364 0.1678495
v 0.4331812 0.002733946 0.1652243
v 0.4329585 -0.001500249 0.1661455
v 0.4319705 -0.003399372 0.1699195
v 0.4309611 -0.001532793 0.1737043
v 0.4474807 0.008594871 0.1778133
v 0.4468488 0.005191207 0.1804291
v 0.448545 0.008612514 0.1736072
v 0.4492401 0.005231977 0.1709779
v 0.4490424 0.000997901 0.1719057
v 0.4481012 -0.0009008646 0.1756918
v 0.4471249 0.0009659529 0.1794851
v 0.464941 0.007436752 0.1839683
v 0.4643351 0.004033446 0.1865906
v 0.465975 0.007454157 0.1797546
v 0.4666584 0.004073501 0.1771224
v 0.4664761 -0.0001604557 0.178054
v 0.4655662 -0.002058864 0.1818479
v 0.4646133 -0.0001918077 0.1856471
v 0.480448 0.005908489 0.189647
v 0.4798446 0.002505183 0.1922698
v 0.4814593 0.005925655 0.1854278
v 0.4821166 0.002544761 0.1827893
v 0.4819249 -0.001689196 0.1837186
v 0.481029 -0.003587484 0.1875158
v 0.4801031 -0.00172019 0.1913216
v 0.4938777 0.007036924 0.1947366
v 0.4932837 0.003633738 0.1973617
v 0.494875 0.007053971 0.1905141
v 0.4955244 0.003673077 0.1878736
v 0.4953368 -0.0005608797 0.188804
v 0.4944538 -0.002459049 0.1926043
v 0.4935401 -0.0005916357 0.196413
v 0.5047731 0.009039879 0.1985294
v 0.5041963 0.005636811 0.2011585
v 0.5057502 0.009056807 0.1943021
v 0.5063914 0.005675793 0.1916598
v 0.5062139 0.001441956 0.1925924
v 0.5053517 -0.0004560947 0.1963976
v 0.5044538 0.001411557 0.20021
v 0.5166411 0.009172797 0.202611
v 0.5160952 0.005770087 0.2052471
v 0.5175849 0.009189367 0.1983762
v 0.5182155 0.005808234 0.1957315
v 0.5180581 0.001574636 0.1966687
v 0.5172314 -0.0003230572 0.200482
v 0.5163578 0.001544833 0.2042998
v 0.5289358 0.007528782 0.2074863
v 0.5284142 0.00412643 0.2101278
v 0.5298623 0.007545114 0.2032477
v 0.5304958 0.00416398 0.2006036
v 0.530359 -6.92606E-05 0.2015453
v 0.5295555 -0.001966715 0.2053638
v 0.5286899 -9.870529E-05 0.2091834
v 0.5387021 0.005747795 0.2113616
v 0.5381774 0.002345443 0.2140024
v 0.5396239 0.005764127 0.2071219
v 0.540248 0.002382874 0.2044758
v 0.5401046 -0.001850486 0.205416
v 0.539302 -0.00374794 0.2092347
v 0.5384442 -0.001879811 0.213056
v 0.5463319 0.005716443 0.2138477
v 0.5458148 0.00231421 0.2164901
v 0.5472409 0.005732536 0.2096052
v 0.5478565 0.002351165 0.2069573
v 0.5477154 -0.001882076 0.207898
v 0.5469241 -0.003779411 0.2117191
v 0.5460781 -0.001911163 0.215543
v 0.5553054 0.006530404 0.2164399
v 0.5548209 0.003128767 0.2190892
v 0.5561873 0.006546021 0.2121918
v 0.5568016 0.003164649 0.2095436
v 0.5566862 -0.001068115 0.2104897
v 0.5559279 -0.002964973 0.2143178
v 0.5550978 -0.001096487 0.218145
v 0.5657803 0.004260659 0.2204733
v 0.5652989 0.0008590221 0.2231232
v 0.5666457 0.004275918 0.2162217
v 0.5672423 0.0008943081 0.2135699
v 0.5671213 -0.003338575 0.2145149
v 0.5663739 -0.005235314 0.2183452
v 0.5655628 -0.00336647 0.2221763
v 0.5737482 -0.006382823 0.2246157
v 0.5745417 -0.008251905 0.2207811
v 0.5663739 -0.005235314 0.2183452
v 0.5655628 -0.00336647 0.2221763
v 0.5752792 -0.006355405 0.2169488
v 0.5671213 -0.003338575 0.2145149
v 0.5754055 -0.002122402 0.2160048
v 0.5672423 0.0008943081 0.2135699
v 0.5748254 0.001259446 0.21866
v 0.5666457 0.004275918 0.2162217
v 0.5739754 0.001244426 0.2229147
v 0.5657803 0.004260659 0.2204733
v 0.5734965 -0.002157092 0.2255651
v 0.5652989 0.0008590221 0.2231232
v 0.5821392 -0.0005363226 0.2253144
v 0.5816758 -0.003937602 0.2279679
v 0.5829745 -0.0005215406 0.2210569
v 0.5835519 -0.003903389 0.2184011
v 0.583437 -0.008136272 0.2193473
v 0.5827162 -0.01003253 0.223183
v 0.5819322 -0.008163214 0.2270195
v 0.5895142 -0.002307296 0.2273999
v 0.5890619 -0.005708337 0.2300556
v 0.5903305 -0.002292752 0.2231388
v 0.5908951 -0.005674839 0.2204805
v 0.5907833 -0.009907722 0.2214273
v 0.5900792 -0.01180363 0.2252662
v 0.589313 -0.009934068 0.2291062
v 0.5980838 -0.003587961 0.2300965
v 0.5976415 -0.006988764 0.232754
v 0.5988884 -0.003573537 0.2258331
v 0.5994481 -0.006955743 0.223174
v 0.5993422 -0.01118851 0.2241219
v 0.5986502 -0.01308417 0.227963
v 0.5978931 -0.01121449 0.2318048
v 0.6053554 -0.005782008 0.2321271
v 0.6049158 -0.009182811 0.2347852
v 0.6061471 -0.005767822 0.2278613
v 0.6066934 -0.009150267 0.2251997
v 0.6065839 -0.01338303 0.2261469
v 0.6059007 -0.01527858 0.2299897
v 0.6051582 -0.01340866 0.2338342
v 0.6132078 -0.006776571 0.234012
v 0.6127626 -0.01017749 0.236669
v 0.6139849 -0.006762624 0.2297435
v 0.6145076 -0.01014531 0.2270775
v 0.6143831 -0.01437831 0.228022
v 0.613705 -0.01627374 0.2318658
v 0.6129836 -0.01440358 0.2357141
v 0.6221142 -0.006160617 0.2365573
v 0.6216864 -0.0095613 0.2392173
v 0.622871 -0.006146908 0.2322851
v 0.6233856 -0.009529591 0.2296176
v 0.6232714 -0.01376247 0.230564
v 0.6226142 -0.01565766 0.2344115
v 0.6219086 -0.01378739 0.2382626
v 0.6311529 -0.006052494 0.2391505
v 0.6307461 -0.00945282 0.2418142
v 0.6318923 -0.006039023 0.2348753
v 0.6324062 -0.009421706 0.2322077
v 0.6323085 -0.01365435 0.2331569
v 0.6316726 -0.01554918 0.2370082
v 0.630977 -0.01367879 0.2408611
v 0.6383504 -0.008369207 0.2414675
v 0.6379555 -0.01176929 0.2441332
v 0.639065 -0.008356094 0.2371881
v 0.6395602 -0.01173902 0.2345173
v 0.6394638 -0.01597166 0.2354668
v 0.6388483 -0.01786625 0.2393215
v 0.6381768 -0.0159955 0.2431785
v 0.6480722 -0.00942421 0.2443859
v 0.6476946 -0.01282406 0.2470544
v 0.6487625 -0.009411454 0.2401025
v 0.6492445 -0.01279461 0.2374295
v 0.6491565 -0.01702714 0.2383804
v 0.648564 -0.01892138 0.2422388
v 0.6479133 -0.01705027 0.2460992
v 0.6573581 -0.008503675 0.2468281
v 0.6569924 -0.01190341 0.2494986
v 0.6580271 -0.008491278 0.2425414
v 0.6584945 -0.01187468 0.2398661
v 0.6584093 -0.0161072 0.2408174
v 0.6578352 -0.01800108 0.2446788
v 0.6572045 -0.01612973 0.2485424
v 0.6661844 -0.006052613 0.2493928
v 0.6658282 -0.009452224 0.2520648
v 0.6668318 -0.006040573 0.2451028
v 0.6672819 -0.00942421 0.2424248
v 0.667197 -0.01365674 0.2433763
v 0.6666402 -0.01555037 0.2472402
v 0.6660308 -0.01367867 0.2511071
v 0.6738486 -0.00480628 0.2516205
v 0.6734787 -0.00820601 0.2542905
v 0.6744689 -0.004794478 0.2473265
v 0.6748715 -0.008178592 0.2446416
v 0.6747544 -0.01241136 0.2455882
v 0.674205 -0.01430488 0.2494533
v 0.6736371 -0.01243281 0.2533263
v 0.6840368 -0.001667619 0.2538667
v 0.6836612 -0.005067468 0.2565358
v 0.684643 -0.001655936 0.2495706
v 0.6850222 -0.00504005 0.2468824
v 0.6848902 -0.009272933 0.2478269
v 0.6843454 -0.01116633 0.2516927
v 0.6837984 -0.009294271 0.2555686
v 0.6912609 -0.0001769066 0.254041
v 0.6908898 -0.003576756 0.2567107
v 0.6918314 -0.0001651049 0.2497399
v 0.6921709 -0.003549099 0.2470463
v 0.692025 -0.007781982 0.2479889
v 0.6915023 -0.009675384 0.2518576
v 0.6909971 -0.00780344 0.2557394
v -0.4519168 -0.005063295 -0.009562179
v -0.41372 -0.003762364 0.002497777
v -0.4115142 -0.009966731 0.003551424
v -0.4500547 -0.01140451 -0.008672282
v -0.2612343 -0.01035762 -0.0989292
v -0.2616119 -0.00369966 -0.09893468
v -0.2736305 -0.007639766 -0.1244901
v -0.2739941 -0.01425731 -0.1237517
v -0.4460086 -0.01514447 -0.04125479
v -0.4438869 -0.02146006 -0.04154243
v -0.3799433 -0.001334071 0.05269666
v -0.3400472 -0.003277302 0.05596037
v -0.3381392 -0.009666204 0.05606945
v -0.3784159 -0.007825494 0.05271418
v -0.2143797 -0.01034677 -0.07723315
v -0.2142455 -0.003700614 -0.07670154
v -0.2318246 -0.004795432 -0.09912536
v -0.2325165 -0.0114187 -0.09877573
v -0.381888 -0.009078264 0.01987588
v -0.3803636 -0.01546156 0.01869215
v -0.3034709 0.0002746582 0.1063108
v -0.2617888 -0.001701117 0.1033712
v -0.2597941 -0.008367419 0.1031891
v -0.3018832 -0.006499171 0.1060945
v -0.1531832 -0.009102702 -0.05391756
v -0.15297 -0.002164602 -0.05339767
v -0.1746519 -0.003358006 -0.07375251
v -0.1753012 -0.01027179 -0.07327501
v -0.3106567 -0.007854104 0.07276379
v -0.3092622 -0.01451671 0.07130848
v -0.2306811 0.0003511906 0.1505721
v -0.1876256 -0.003739595 0.1433558
v -0.1859375 -0.0108062 0.1426885
v -0.2294265 -0.006805062 0.1499043
v -0.08982089 -0.009662747 -0.03156896
v -0.08916019 -0.002442598 -0.03075336
v -0.1137655 -0.001600266 -0.04991345
v -0.1147845 -0.008819699 -0.04964544
v -0.2418223 -0.006186724 0.1159471
v -0.2408809 -0.01315796 0.1140109
v -0.1516958 0.00107789 0.1981876
v -0.1059415 -0.002599716 0.1890231
v -0.104059 -0.010113 0.1882056
v -0.1502745 -0.006537676 0.1973834
v -0.007359475 -0.00632596 -0.0009213537
v -0.006733418 0.00138545 -2.284348E-05
v -0.03363809 0.002042294 -0.01963942
v -0.03461009 -0.00568068 -0.01936977
v -0.1646446 -0.005841613 0.1615698
v -0.1636025 -0.01325607 0.159424
v -0.0673641 0.0110563 0.2503403
v -0.01946124 0.007686853 0.2385049
v -0.01742181 -0.0002316236 0.2375751
v -0.06580961 0.00302434 0.2494467
v 0.0756231 0.004259467 0.03333856
v 0.07623297 0.01241767 0.03423412
v 0.04689664 0.01271963 0.01480351
v 0.04597723 0.004549265 0.01515743
v -0.08268484 0.003460765 0.212324
v -0.08159679 -0.004368067 0.2100316
v 0.03337434 0.01908493 0.30584
v 0.08041194 0.01590931 0.2887387
v 0.08255625 0.007879615 0.2879882
v 0.03503674 0.01093352 0.3051862
v 0.1535551 0.002986789 0.0717801
v 0.1540707 0.01130581 0.07218687
v 0.1223488 0.0100106 0.05590142
v 0.1216602 0.001741648 0.05678751
v 0.01390594 0.009037614 0.2696919
v 0.01493835 0.001006961 0.267672
v 0.1292264 0.02451551 0.3471073
v 0.1761852 0.01996315 0.3271245
v 0.1781326 0.0117029 0.326312
v 0.1306847 0.01614368 0.3464209
v 0.2385916 0.003321648 0.101917
v 0.2393452 0.01180804 0.1022312
v 0.2060694 0.0111624 0.08735837
v 0.2052112 0.002740979 0.08837204
v 0.1071446 0.01447618 0.3113798
v 0.1078885 0.006233335 0.309333
v 0.2319125 0.0283134 0.4121194
v 0.2812203 0.02399683 0.3859563
v 0.2833793 0.01499891 0.3848795
v 0.2335525 0.01918662 0.4112254
v 0.3282683 0.00668478 0.1349101
v 0.3289997 0.01596773 0.1351916
v 0.2913908 0.01479578 0.1221194
v 0.2906693 0.005582571 0.1232934
v 0.2046647 0.01703441 0.3752827
v 0.2053977 0.00803864 0.3729749
v 0.346882 0.03234172 0.4566295
v 0.3969874 0.0268966 0.4260018
v 0.3991225 0.01738167 0.4249009
v 0.3484823 0.02269888 0.455757
v 0.4299694 0.00360465 0.159362
v 0.4308236 0.01338077 0.1594334
v 0.3904221 0.01221836 0.1481592
v 0.3896736 0.002542496 0.1496158
v 0.3157526 0.02000594 0.4198919
v 0.316308 0.01048243 0.4175897
v 0.4540761 0.02307677 0.5116146
v 0.5043094 0.01790512 0.4777461
v 0.506439 0.008111954 0.4763584
v 0.4556646 0.01314867 0.5104839
v 0.5263488 -0.001684546 0.2012757
v 0.5272529 0.008390784 0.2014742
v 0.4851332 0.007439375 0.1916452
v 0.4844062 -0.002558351 0.1930174
v 0.420348 0.01102054 0.4749612
v 0.420797 0.001240969 0.4724065
v -0.2537268 -0.04591727 -0.3236057
v -0.2832632 -0.04619527 -0.2965197
v -0.2840084 -0.05236995 -0.2941138
v -0.2541345 -0.05219638 -0.3213972
v -0.2728566 -0.02065468 -0.1153507
v -0.2740003 -0.01423502 -0.1167472
v -0.2456733 -0.01202476 -0.1143511
v -0.2447838 -0.01862156 -0.1139507
v -0.2279716 -0.0473609 -0.3017989
v -0.2275229 -0.05330539 -0.2988099
v -0.1679201 -0.03497672 -0.2942353
v -0.2025259 -0.03672206 -0.2740977
v -0.2035601 -0.0429678 -0.2720021
v -0.1685792 -0.04131246 -0.292262
v -0.2318421 -0.01490998 -0.09452154
v -0.2328757 -0.008497119 -0.09603123
v -0.2058007 -0.005509973 -0.08760075
v -0.2047972 -0.01208508 -0.08712105
v -0.1473725 -0.03614688 -0.2674513
v -0.1473729 -0.04214036 -0.2645273
v -0.1003479 -0.02791488 -0.2761055
v -0.137044 -0.03239632 -0.2567004
v -0.1378171 -0.03900969 -0.2547178
v -0.1007205 -0.03459561 -0.2742359
v -0.176415 -0.01637483 -0.07057433
v -0.1778256 -0.009730339 -0.07203321
v -0.1502329 -0.005192399 -0.06200765
v -0.1488001 -0.0119797 -0.06162588
v -0.08004993 -0.02859581 -0.2473672
v -0.07979935 -0.03490603 -0.2444714
v -0.027509 -0.0274229 -0.2567234
v -0.00627327 -0.02373779 -0.2180604
v -0.007675767 -0.01707423 -0.2206798
v -0.02865952 -0.02059352 -0.2590189
v -0.08482206 -0.00920403 -0.03578521
v -0.1142587 -0.01323116 -0.04402642
v -0.114772 -0.005953431 -0.04398911
v -0.08470267 -0.00196588 -0.03669693
v -0.06180954 -0.03649914 -0.2425466
v -0.06175134 -0.02976823 -0.2453618
v 0.04233435 -0.03169298 -0.256049
v 0.06952178 -0.02776098 -0.2150298
v 0.06796747 -0.02032351 -0.217942
v 0.0410949 -0.02407479 -0.2586266
v -0.000921309 -0.005747437 -0.005704358
v -0.03451052 -0.009272695 -0.01217146
v -0.03481704 -0.001141429 -0.01222132
v -0.0006112754 0.002300978 -0.006864563
v 0.005166352 -0.04030836 -0.2370692
v 0.005220026 -0.03285336 -0.2403302
v 0.129402 -0.0253849 -0.2274527
v 0.1570346 -0.02279913 -0.1832852
v 0.1557449 -0.01484823 -0.1862926
v 0.1284415 -0.01725972 -0.2300947
v 0.07729942 5.722046E-06 0.03608449
v 0.04190683 -0.002411723 0.02822901
v 0.04187486 0.006185889 0.02829139
v 0.07794809 0.008509159 0.0349908
v 0.08930102 -0.03341079 -0.2086143
v 0.08971974 -0.02549434 -0.2119434
v 0.2259163 -0.02027822 -0.1907674
v 0.250697 -0.01978004 -0.1440407
v 0.2496541 -0.01158595 -0.1468294
v 0.2251807 -0.01192594 -0.1931559
v 0.1543758 -0.005334735 0.07290398
v 0.1191313 -0.007142305 0.06232236
v 0.1191428 0.001565218 0.0627539
v 0.1551584 0.003320932 0.07221203
v 0.1839551 -0.02886415 -0.1749534
v 0.1846629 -0.02070618 -0.177946
v 0.3188904 -0.019876 -0.1625318
v 0.3430784 -0.01946044 -0.1142104
v 0.3422384 -0.0110935 -0.1171467
v 0.3183578 -0.01134956 -0.1650529
v 0.2397608 -0.001108885 0.1049139
v 0.2039902 -0.002369165 0.09326495
v 0.2041591 0.006528258 0.09363933
v 0.2407433 0.007711768 0.1041599
v 0.2754935 -0.02771759 -0.1473332
v 0.2764455 -0.01942253 -0.150435
v 0.5440896 -0.0198431 -0.1252027
v 0.5671894 -0.0226227 -0.06751534
v 0.5666093 -0.0128181 -0.07045628
v 0.5438239 -0.009885073 -0.1276291
v 0.4278277 -0.01267433 0.1747402
v 0.387905 -0.01282859 0.1579062
v 0.3881699 -0.002626181 0.1588859
v 0.4291336 -0.002507925 0.1745005
v 0.4927576 -0.02901316 -0.1124054
v 0.494248 -0.01931226 -0.1153692
v 0.4334955 -0.01994038 -0.1517799
v 0.4565589 -0.01855874 -0.09744011
v 0.4556499 -0.009459853 -0.1007732
v 0.4328895 -0.01065743 -0.1546408
v 0.3285231 0.0006576777 0.1343238
v 0.2903465 -0.001650929 0.119195
v 0.2902992 0.008075476 0.1195362
v 0.3294417 0.01031137 0.1334905
v 0.385323 -0.02942133 -0.1380918
v 0.3863809 -0.02035987 -0.1414828
v 0.6688576 -0.01285207 -0.09273548
v 0.6875432 -0.02092087 -0.0319206
v 0.68796 -0.01064479 -0.03436109
v 0.6695661 -0.002474189 -0.0946141
v 0.5255033 -0.01298392 0.2064319
v 0.485974 -0.008862972 0.1860393
v 0.486964 0.001527071 0.1877127
v 0.5276579 -0.0026474 0.2069328
v 0.6144822 -0.01872838 -0.08418469
v 0.6170146 -0.008728862 -0.08649398
vn -0.9594237 -0.2263862 -0.1680938
vn -0.7755966 0.2008767 0.5984132
vn 0.5244172 0.2159816 0.8236132
vn 0.8388919 0.06576966 -0.54031
vn 0.05470484 -0.411395 -0.909814
vn -0.1613579 0.9611166 -0.224095
vn 0.1618205 -0.9613475 0.2227669
vn -0.03108898 -0.9946328 0.09868646
vn 0.04177945 0.994702 -0.09392753
vn 0.1020456 -0.9632012 0.248657
vn -0.1004936 0.9629316 -0.2503273
vn -0.7465847 -0.08664842 0.6596237
vn -0.5483812 0.613534 0.5682025
vn -0.2858584 0.9376527 -0.1977178
vn 0.1619194 0.5962706 -0.7862847
vn 0.5187528 -0.2130736 -0.8279464
vn 0.455866 -0.8682392 -0.1958238
vn 0.06309269 -0.8426801 0.534705
vn -0.3759858 -0.2268018 0.8984407
vn -0.8056161 0.03400861 -0.5914609
vn 0.811625 0.0198098 0.5838429
vn -0.5894935 0.6062699 0.5337924
vn -0.2802752 0.9409895 -0.1896965
vn 0.2193906 0.6053888 -0.7650962
vn 0.5806295 -0.21387 -0.7855757
vn 0.4793131 -0.8589844 -0.1800135
vn 0.0377827 -0.8519149 0.5223155
vn -0.444153 -0.2267339 0.8667871
vn 0.8168684 0.008429367 0.5767626
vn -0.5581636 0.6104034 0.5620153
vn -0.1512901 0.9838845 -0.09530289
vn 0.370369 0.627252 -0.6851144
vn 0.6159026 -0.2131154 -0.7584496
vn 0.3924264 -0.8831621 -0.2569553
vn -0.1200349 -0.8944473 0.4307618
vn -0.5488675 -0.2307567 0.8034276
vn 0.8231283 0.007464993 0.5678064
vn -0.4731941 0.616316 0.6294777
vn -0.01752107 0.9998451 -0.001701419
vn 0.4515532 0.6300815 -0.6317413
vn 0.5803848 -0.2138647 -0.7857578
vn 0.2724024 -0.8968769 -0.3484378
vn -0.2409144 -0.9046065 0.3516354
vn -0.5725672 -0.2308943 0.7866732
vn 0.8274257 0.00829676 0.561514
vn -0.4562879 0.6166529 0.6415144
vn -0.04605123 0.9987217 -0.0208376
vn 0.3986316 0.6292255 -0.6672092
vn 0.5434915 -0.2143528 -0.8115849
vn 0.2786646 -0.8965406 -0.3443268
vn -0.1957742 -0.9033198 0.3816881
vn -0.5229363 -0.2304057 0.8206405
vn 0.8322085 0.01355634 0.5542971
vn -0.316241 0.6125102 0.7244467
vn 0.09570715 0.992749 0.07272863
vn 0.4395417 0.6299836 -0.6402529
vn 0.4488769 -0.2145595 -0.8674524
vn 0.1218278 -0.8887531 -0.4419003
vn -0.2964373 -0.9021102 0.3135638
vn -0.4941783 -0.2297678 0.8384477
vn 0.8388485 0.0112251 0.5442493
vn -0.3531246 0.6154492 0.7046455
vn 0.02444827 0.9993795 0.02535806
vn 0.3846702 0.629066 -0.6755035
vn 0.4536136 -0.2145851 -0.8649786
vn 0.1824789 -0.8956145 -0.40568
vn -0.2272249 -0.9044539 0.3610153
vn -0.4654402 -0.229246 0.8548753
vn 0.8438822 0.008365513 0.5364634
vn -0.4233828 0.6171291 0.6632487
vn -0.1781656 0.9786173 -0.1027874
vn 0.1906456 0.6084917 -0.7703195
vn 0.4243399 -0.2143988 -0.8797551
vn 0.3337251 -0.8909194 -0.3080426
vn -0.008585702 -0.8751855 0.4837113
vn -0.3399625 -0.2239314 0.9133894
vn 0.8488868 0.0115046 0.5284495
vn -0.3254009 0.6149969 0.7182571
vn -0.02877088 0.9995503 -0.008451915
vn 0.2887754 0.6227749 -0.727159
vn 0.3878662 -0.2144267 -0.8964268
vn 0.1973067 -0.8969042 -0.3957687
vn -0.1453728 -0.9003625 0.4101391
vn -0.3752569 -0.2256577 0.8990333
vn 0.8530958 0.01538497 0.5215275
vn -0.3030894 0.6141576 0.7286614
vn -0.01581101 0.9998749 -0.0004509511
vn 0.2833689 0.6224822 -0.7295328
vn 0.3672932 -0.2146106 -0.9050072
vn 0.1778236 -0.8961918 -0.4064714
vn -0.1495192 -0.9009493 0.4073506
vn -0.3607776 -0.2247713 0.9051616
vn 0.8564412 0.01634306 0.515986
vn -0.2662845 0.6119937 0.7446855
vn 0.01857604 0.9996277 0.01998464
vn 0.2908551 0.6236117 -0.7256113
vn 0.3406709 -0.214665 -0.9153482
vn 0.1383792 -0.8935241 -0.4271603
vn -0.1727624 -0.9028523 0.3937142
vn -0.3506285 -0.2242019 0.9092817
vn 0.8619165 0.01936145 0.5066805
vn -0.28381 0.6143495 0.7362246
vn 0.01628006 0.9997038 0.01809044
vn 0.3053758 0.6253399 -0.7181196
vn 0.3618099 -0.2156445 -0.9069681
vn 0.1490046 -0.894995 -0.4204539
vn -0.179167 -0.9033074 0.3897883
vn -0.3704263 -0.2254436 0.9010881
vn 0.8672358 0.01932858 0.4975224
vn -0.2933727 0.6154824 0.7315148
vn 0.001456846 0.9999564 0.009219859
vn 0.2958871 0.6250002 -0.722375
vn 0.3655704 -0.2158569 -0.9054083
vn 0.1624955 -0.8962621 -0.4126858
vn -0.1656188 -0.9027089 0.3970982
vn -0.3670185 -0.2256094 0.90244
vn 0.8708577 0.01789483 0.4912095
vn -0.3344663 0.617391 0.7120118
vn -0.08839976 0.9952332 -0.04118919
vn 0.2210833 0.6179847 -0.7544648
vn 0.3653394 -0.2154914 -0.9055886
vn 0.2352173 -0.8975416 -0.3729502
vn -0.07435626 -0.8932735 0.4433211
vn -0.324787 -0.2242777 0.9188106
vn 0.8750384 0.009802166 0.4839541
vn -0.3516605 0.6178721 0.7032561
vn -0.1015757 0.9937081 -0.04718703
vn 0.221304 0.6194184 -0.7532234
vn 0.3799541 -0.2155219 -0.8995473
vn 0.2517379 -0.8967859 -0.3638725
vn -0.06735562 -0.8930565 0.4448745
vn -0.3334854 -0.2256946 0.9153412
vn 0.882477 0.0101256 0.4702465
vn -0.3539768 0.618176 0.7018254
vn -0.02136345 0.9997658 -0.00346352
vn 0.3271543 0.6281507 -0.7059723
vn 0.4293617 -0.2160969 -0.8768983
vn 0.2083136 -0.8979741 -0.3876182
vn -0.1698502 -0.9033727 0.3937877
vn -0.4199545 -0.2286468 0.8782704
vn 0.8908398 0.02218145 0.4537758
vn -0.6218578 0.03947888 0.7821345
vn 0.1895268 0.4039029 0.8949536
vn 0.9928628 0.06950249 -0.09691714
vn -0.07534296 -0.1639278 -0.983591
vn -0.824119 -0.4137326 -0.3868501
vn -0.1493316 0.9684098 -0.1997064
vn 0.1483533 -0.9687607 0.1987312
vn -0.05424684 -0.9493166 0.309605
vn 0.06339385 0.9465226 -0.3163483
vn 0.1430314 -0.9543903 0.262071
vn -0.1438081 0.9537082 -0.2641211
vn 0.220143 0.1193571 0.9681379
vn -0.2061637 -0.9037473 0.3751497
vn 0.1920212 -0.8981667 -0.3955053
vn 0.445852 -0.2159449 -0.8686679
vn 0.3637057 0.6288354 -0.6872294
vn 0.007873338 0.9999059 0.01123003
vn -0.3540486 0.6183695 0.7016187
vn -0.4492295 -0.2292517 0.8635025
vn 0.8965668 0.02075655 0.4424219
vn -0.890842 -0.02218046 -0.4537713
vn -0.3605479 0.618248 0.6984086
vn -0.02377131 0.999707 -0.004565326
vn 0.330897 0.6283446 -0.7040528
vn 0.4364308 -0.2161996 -0.8733762
vn 0.2133088 -0.8979224 -0.3850125
vn -0.1704491 -0.903479 0.3932846
vn -0.4258194 -0.2287078 0.875426
vn 0.9031635 0.01157843 0.4291405
vn -0.3674074 0.6178647 0.6951656
vn -0.04541133 0.998863 -0.01450873
vn 0.3108881 0.6280156 -0.7134039
vn 0.4331212 -0.2161844 -0.875026
vn 0.2290701 -0.8971667 -0.377649
vn -0.1473577 -0.9028698 0.403871
vn -0.4129238 -0.2285301 0.881628
vn 0.9099091 0.01764319 0.4144323
vn -0.3497847 0.6182578 0.7038523
vn -0.03291371 0.9994227 -0.008423985
vn 0.3087743 0.6279981 -0.7143366
vn 0.4179628 -0.2164107 -0.8823115
vn 0.2124004 -0.8977477 -0.3859211
vn -0.1531068 -0.9031426 0.4011132
vn -0.4032871 -0.2283667 0.8861198
vn 0.9155341 0.02041793 0.401722
vn -0.2590936 0.6187871 0.7416017
vn 0.07396445 0.9965405 0.03789902
vn 0.3517308 0.6277586 -0.6944096
vn 0.3647448 -0.2174527 -0.9053594
vn 0.1021792 -0.8961481 -0.431831
vn -0.2358695 -0.9012432 0.363492
vn -0.3979533 -0.2282032 0.8885699
vn 0.9202264 0.01566042 0.391073
vn -0.2526909 0.618859 0.7437479
vn 0.02436687 0.9995762 0.01593288
vn 0.2834362 0.627515 -0.7251819
vn 0.328521 -0.2177202 -0.9190603
vn 0.1266378 -0.8978319 -0.4217355
vn -0.1708173 -0.9032833 0.3935743
vn -0.3398074 -0.2270909 0.9126668
vn 0.9247016 0.01443074 0.380419
vn -0.3510381 0.6176919 0.7037252
vn -0.1686558 0.9836619 -0.06296486
vn 0.1363711 0.6176192 -0.774564
vn 0.3432866 -0.2177079 -0.9136507
vn 0.2879702 -0.8902175 -0.3529674
vn 0.01775238 -0.8861523 0.463054
vn -0.2660903 -0.2249236 0.9373395
vn 0.9282799 0.01452355 0.3715987
vn -0.3666582 0.6165042 0.6967672
vn -0.1798437 0.981503 -0.06563672
vn 0.1381409 0.6186664 -0.773414
vn 0.357242 -0.2175789 -0.9083158
vn 0.3026877 -0.8876141 -0.347162
vn 0.02337285 -0.8859174 0.4632538
vn -0.2750331 -0.2255346 0.9346074
vn 0.9320213 0.01243147 0.3621903
vn -0.29084 0.619444 0.7291785
vn -0.008802423 0.9999596 0.001843595
vn 0.279797 0.6274578 -0.7266432
vn 0.3577574 -0.2175637 -0.9081166
vn 0.1663038 -0.8987443 -0.4057114
vn -0.1503906 -0.9030707 0.4023007
vn -0.3537803 -0.2274618 0.9072489
vn 0.9361163 0.0143591 0.3513973
vn -0.2502643 0.6196966 0.743871
vn 0.03926518 0.9990383 0.01951092
vn 0.2991553 0.627228 -0.7190906
vn 0.3339254 -0.2179025 -0.9170672
vn 0.1168616 -0.8983462 -0.4234588
vn -0.1877367 -0.9023159 0.3880478
vn -0.3513723 -0.2273695 0.9082074
vn 0.9399383 0.009285773 0.3412181
vn -0.2507367 0.619753 0.7436648
vn 0.02057142 0.9997131 0.01227028
vn 0.2763366 0.6272259 -0.7281661
vn 0.3240556 -0.2179722 -0.9205847
vn 0.1276551 -0.8987429 -0.4194824
vn -0.164753 -0.9027877 0.3972792
vn -0.333209 -0.2271698 0.9150769
vn 0.9427931 0.006894512 0.3333072
vn -0.2591839 0.6197926 0.74073
vn -0.04650117 0.9988532 -0.01139575
vn 0.2007392 0.625791 -0.7537171
vn 0.2971985 -0.2181321 -0.9295652
vn 0.1696281 -0.8985732 -0.4047129
vn -0.08580032 -0.9012734 0.4246701
vn -0.2764582 -0.2264423 0.9339672
vn 0.945702 0.01052623 0.3248647
vn -0.2381877 0.6198816 0.7476721
vn -0.04410684 0.9989745 -0.01023104
vn 0.1826237 0.625149 -0.7588395
vn 0.2721252 -0.2182508 -0.9371844
vn 0.1567123 -0.8988224 -0.4093405
vn -0.07700859 -0.900923 0.427092
vn -0.2524631 -0.2259813 0.9408479
vn 0.9482601 0.007668145 0.3174023
vn -0.2032005 0.6194608 0.7582729
vn -0.0368397 0.999293 -0.007517585
vn 0.1566577 0.6240305 -0.7655353
vn 0.232253 -0.2179776 -0.9479158
vn 0.1333089 -0.8989978 -0.4171711
vn -0.06676915 -0.9004572 0.4297891
vn -0.2159284 -0.2253234 0.9500549
vn 0.9504621 0.005944012 0.3107837
vn -0.1890078 0.6191969 0.7621492
vn 0.05577007 0.9981869 0.02264278
vn 0.2588618 0.6269456 -0.7347992
vn 0.2667191 -0.2182089 -0.9387469
vn 0.07373584 -0.8972579 -0.4353059
vn -0.1745 -0.9019866 0.3949304
vn -0.2918425 -0.2268339 0.9291794
vn 0.95266 0.004583582 0.3040034
vn -0.2000579 0.6196371 0.7589642
vn 0.1013268 0.9941846 0.03646659
vn 0.3257679 0.6242672 -0.7100464
vn 0.3061413 -0.2181187 -0.9266617
vn 0.05421328 -0.8961784 -0.4403695
vn -0.2364958 -0.8970908 0.3732265
vn -0.350708 -0.2266847 0.9086352
vn 0.9549537 0.004308539 0.2967239
vn -0.1258973 -0.9028141 0.4111893
vn 0.1439198 -0.8989055 -0.4138309
vn 0.3053016 -0.218105 -0.9269418
vn 0.2368048 0.6269559 -0.7421926
vn -0.009989663 0.9999491 0.001472201
vn -0.2492265 0.6197975 0.7441353
vn -0.300762 -0.226851 0.9263266
vn 0.9577469 0.002985927 0.2875969
vn -0.9549536 -0.004308377 -0.296724
vn -0.1825335 0.6195598 0.7634312
vn 0.1305709 0.9905018 0.04309816
vn 0.344153 0.6219057 -0.7034147
vn 0.3008415 -0.2180931 -0.9284018
vn 0.02800461 -0.8946515 -0.4458862
vn -0.2625091 -0.8929726 0.365635
vn -0.3580107 -0.2262726 0.9058858
vn 0.9599569 0.004624747 0.2801099
vn -0.2517155 0.6194853 0.7435572
vn 0.04497502 0.9988383 0.01730091
vn 0.3066902 0.6242441 -0.7185127
vn 0.3384055 -0.2173692 -0.9155504
vn 0.1148101 -0.8990656 -0.4224923
vn -0.1951595 -0.8999351 0.3899096
vn -0.3572559 -0.2261885 0.9062047
vn 0.962764 0.004997479 0.270297
vn -0.274556 0.6184083 0.7363357
vn 0.02624667 0.9995879 0.01162392
vn 0.3063004 0.6238395 -0.7190301
vn 0.3561259 -0.2167562 -0.9089506
vn 0.1381698 -0.8988528 -0.4159
vn -0.1848669 -0.9004112 0.393807
vn -0.366804 -0.2258014 0.9024792
vn 0.9647607 0.004939092 0.2630823
vn -0.3032281 0.6163886 0.7267173
vn -0.04582495 0.9989173 -0.008014398
vn 0.2474504 0.626297 -0.7392702
vn 0.3530628 -0.2166961 -0.9101591
vn 0.1941655 -0.8958637 -0.3996598
vn -0.1120319 -0.9027482 0.4153247
vn -0.3329694 -0.226253 0.9153912
vn 0.9667938 0.004779608 0.2555129
vn -0.3487838 0.6115069 0.7102177
vn -0.1419063 0.9893456 -0.03252415
vn 0.174662 0.6266003 -0.7595165
vn 0.3588526 -0.2160904 -0.9080362
vn 0.2719056 -0.8859618 -0.3756846
vn -0.01766757 -0.8987355 0.4381351
vn -0.2967464 -0.2266294 0.9276749
vn 0.9694068 0.008529381 0.2453112
vn -0.2240575 0.6196139 0.7522479
vn 0.05956462 0.9980437 0.01899865
vn 0.296621 0.6234331 -0.7234274
vn 0.3118312 -0.2171008 -0.9250019
vn 0.09126637 -0.8991035 -0.4281161
vn -0.197584 -0.8986191 0.3917198
vn -0.3370001 -0.2262395 0.9139183
vn 0.9711261 0.01070608 0.2383268
vn -0.2152729 0.6197906 0.7546636
vn 0.08882501 0.9957176 0.02562517
vn 0.3231064 0.6208391 -0.7142557
vn 0.3170421 -0.2169034 -0.9232754
vn 0.06981274 -0.8987372 -0.4328944
vn -0.2287312 -0.8949944 0.3829713
vn -0.3545876 -0.2256509 0.907386
vn 0.9724342 0.007173102 0.2330672
vn -0.3245285 0.6127017 0.7206094
vn -0.07827013 0.9968255 -0.01458295
vn 0.229843 0.6261094 -0.7450901
vn 0.3620265 -0.215392 -0.9069417
vn 0.2240337 -0.8917623 -0.3931524
vn -0.08421674 -0.9025241 0.4223245
vn -0.3285105 -0.2258829 0.9170921
vn 0.9731986 0.007419664 0.2298464
vn -0.3582256 0.6083451 0.7082307
vn -0.1688803 0.9849973 -0.03549599
vn 0.1510387 0.6263227 -0.7647923
vn 0.3563898 -0.2153912 -0.9091716
vn 0.2918229 -0.880864 -0.372717
vn 0.01086576 -0.8968788 0.442143
vn -0.2827267 -0.2264489 0.9320872
vn 0.9742782 0.008798247 0.2251771
vn -0.2619629 0.6171923 0.7419226
vn -0.01165233 0.9999312 0.001314586
vn 0.2478016 0.6252248 -0.7400597
vn 0.319963 -0.216351 -0.9223969
vn 0.1522863 -0.897683 -0.4134903
vn -0.1312103 -0.9020691 0.4111632
vn -0.3142591 -0.2261816 0.9219995
vn 0.9759822 0.01189193 0.2175254
vn -0.2164371 0.6192831 0.7547473
vn 0.1206852 0.9922224 0.03049389
vn 0.360493 0.6155206 -0.7008418
vn 0.3350111 -0.2152124 -0.9173065
vn 0.05265954 -0.8985927 -0.4356124
vn -0.2665097 -0.8883701 0.3738598
vn -0.3846025 -0.2249186 0.8952612
vn 0.9768026 0.01600273 0.2135431
vn -0.189041 0.6201083 0.7613995
vn 0.1640845 0.9856524 0.03956877
vn 0.3857917 0.6118988 -0.6904671
vn 0.3261668 -0.2154002 -0.9204445
vn 0.01207244 -0.8964762 -0.4429274
vn -0.3046915 -0.8809612 0.3620366
vn -0.3946505 -0.2246811 0.8909373
vn 0.9770754 0.01412423 0.2124244
vn -0.2412567 0.6179316 0.748302
vn 0.002693338 0.9999868 0.004403003
vn 0.2443285 0.6251147 -0.7413064
vn 0.3018976 -0.2164208 -0.9284503
vn 0.1327475 -0.8984304 -0.41857
vn -0.1373378 -0.9016599 0.4100583
vn -0.3025347 -0.2264268 0.925853
vn 0.9777169 0.01399373 0.209461
vn -0.2695742 0.6156126 0.7405072
vn -0.08628656 0.9961652 -0.01447695
vn 0.1633637 0.6265292 -0.762085
vn 0.2891714 -0.2165933 -0.9324523
vn 0.1973915 -0.8935518 -0.4032393
vn -0.04284897 -0.9014027 0.4308565
vn -0.2510432 -0.2266757 0.9410608
vn 0.9789569 0.01874192 0.2032047
vn -0.1610118 0.620608 0.7674119
vn 0.1956103 0.9797045 0.04376994
vn 0.3969903 0.6091359 -0.6865509
vn 0.3102287 -0.2155133 -0.9259115
vn -0.02197152 -0.8941467 -0.4472348
vn -0.3274658 -0.8749112 0.3567863
vn -0.3922237 -0.2247184 0.8919991
vn 0.9797797 0.01653732 0.1993952
vn -0.4115452 -0.8501642 0.3284075
vn -0.1818367 -0.8667985 -0.464323
vn 0.2037583 -0.2188665 -0.9542432
vn 0.4241317 0.6035656 -0.6751451
vn 0.3266408 0.9426099 0.06922755
vn -0.008390124 0.6153018 0.788247
vn -0.3534687 -0.2252834 0.9079137
vn 0.9805258 0.01443919 0.1958588
vn -0.9797802 -0.01653631 -0.1993922
vn -0.09371714 0.6202025 0.7788234
vn 0.2009685 0.9786439 0.04321767
vn 0.34322 0.6156942 -0.7093101
vn 0.2311474 -0.2182638 -0.9481202
vn -0.06126609 -0.8899838 -0.4518576
vn -0.2996127 -0.8804553 0.3674653
vn -0.319472 -0.2258632 0.9202845
vn 0.9811614 0.01638789 0.1924932
vn -0.07226526 0.6196867 0.7815154
vn 0.22116 0.9741411 0.04623148
vn 0.3484674 0.6147373 -0.7075795
vn 0.2166899 -0.218553 -0.9514621
vn -0.08509422 -0.8869087 -0.4540395
vn -0.3136081 -0.8770748 0.3638542
vn -0.3147835 -0.225918 0.9218853
vn 0.9820179 0.01614453 0.1880961
vn -0.1494012 0.6208071 0.7695959
vn 0.138683 0.9898905 0.0297324
vn 0.318808 0.6179499 -0.718679
vn 0.2634414 -0.2171453 -0.9399184
vn 0.004970257 -0.8970277 -0.4419465
vn -0.2529975 -0.8886796 0.3824144
vn -0.322781 -0.2256976 0.9191697
vn 0.9825234 0.01692472 0.1853682
vn -0.0328604 0.6180811 0.7854272
vn 0.2746706 0.9599855 0.05462488
vn 0.3790575 0.6095914 -0.6962139
vn 0.2006925 -0.2188755 -0.9548906
vn -0.137922 -0.8782015 -0.4579734
vn -0.3594351 -0.8647944 0.3506239
vn -0.3245983 -0.2255024 0.9185776
vn 0.9831067 0.0153701 0.1823869
vn -0.1077486 0.6208051 0.7765251
vn 0.1197658 0.9924802 0.02528708
vn 0.2567293 0.6226765 -0.7391644
vn 0.201578 -0.2189068 -0.9546968
vn -0.007733196 -0.8962849 -0.4434113
vn -0.2088626 -0.8945509 0.3951647
vn -0.2545044 -0.2259796 0.9402983
vn 0.9837813 0.01101471 0.1790337
vn -0.2555051 0.6155781 0.7455072
vn -0.06657026 0.9977436 -0.008727308
vn 0.1740616 0.6259726 -0.7601715
vn 0.2823382 -0.2166904 -0.9345216
vn 0.1790409 -0.8944572 -0.4097447
vn -0.05969483 -0.9021775 0.4272146
vn -0.2530392 -0.2257989 0.940737
vn 0.9846075 0.01241191 0.1743386
vn -0.2236167 0.6176568 0.7539865
vn -0.01225649 0.9999244 0.001032952
vn 0.2085307 0.6249539 -0.7522949
vn 0.2717241 -0.2167638 -0.9376457
vn 0.1312112 -0.8979752 -0.4200287
vn -0.1090169 -0.9018529 0.418063
vn -0.2658849 -0.2257978 0.9371876
vn 0.9852666 0.0154552 0.1703263
vn -0.05262738 0.6198189 0.7829783
vn 0.2911282 0.9552451 0.05245249
vn 0.4148267 0.6009562 -0.6832061
vn 0.2352314 -0.2178504 -0.9472104
vn -0.1377191 -0.8797775 -0.455
vn -0.3869815 -0.8546703 0.3460981
vn -0.362965 -0.2236065 0.9045753
vn 0.9862459 0.014475 0.1646496
vn -0.1629559 0.6203561 0.7672051
vn 0.1021465 0.994573 0.01976536
vn 0.2871894 0.6188893 -0.7310939
vn 0.2593192 -0.2169254 -0.9411148
vn 0.03334426 -0.8991159 -0.4364389
vn -0.2156246 -0.8926378 0.3958582
vn -0.302225 -0.2250409 0.9262919
vn 0.987159 0.01514765 0.1590213
vn -0.257054 0.6140426 0.7462406
vn -0.09554575 0.9953498 -0.01223484
vn 0.1398094 0.6260028 -0.7671857
vn 0.2687398 -0.2164175 -0.9385853
vn 0.1959897 -0.8917188 -0.4079528
vn -0.02443232 -0.901243 0.4326245
vn -0.2267261 -0.2258005 0.9474226
vn 0.9879415 0.01472747 0.1541261
vn -0.3721824 0.5975462 0.7102246
vn -0.25773 0.9655154 -0.03681489
vn 0.05307809 0.6239699 -0.7796437
vn 0.3275353 -0.2134711 -0.920408
vn 0.3478781 -0.8609392 -0.3711665
vn 0.1162438 -0.8865024 0.447885
vn -0.2134881 -0.2256961 0.9505178
vn 0.9887178 0.01362798 0.1491689
vn -0.3113758 0.6074136 0.7308174
vn -0.1550228 0.9877053 -0.02015391
vn 0.1222338 0.6258237 -0.7703269
vn 0.3064991 -0.2152144 -0.9272223
vn 0.2605751 -0.8811878 -0.3944726
vn 0.01971307 -0.8988675 0.437777
vn -0.2384853 -0.2249811 0.9447266
vn 0.9897257 0.00451662 0.1429083
vn -0.3444466 0.6028485 0.7196739
vn -0.2866527 0.9572681 -0.03831528
vn -0.0185601 0.6203458 -0.7841089
vn 0.2741122 -0.2173484 -0.936815
vn 0.3484975 -0.8602932 -0.3720821
vn 0.1721562 -0.8770317 0.4485285
vn -0.1431135 -0.2251903 0.9637468
vn 0.9902033 0.0001996612 0.1396333
vn -0.1466597 0.6207892 0.7701374
vn -0.2019486 0.9790781 -0.02496163
vn -0.1089761 0.6115652 -0.7836532
vn 0.06796769 -0.2191999 -0.9733098
vn 0.1953151 -0.8912109 -0.4093841
vn 0.171888 -0.8778706 0.4469876
vn 0.02270482 -0.2228293 0.9745931
vn 0.9913132 -0.005018779 0.1314268
vn -0.3029357 0.04921393 0.9517394
vn 0.5338618 0.3225469 0.7816362
vn 0.8985338 -0.02361269 -0.4382687
vn -0.4303089 -0.08979932 -0.898204
vn -0.9494239 -0.302789 -0.08314488
vn -0.09515049 0.9896056 -0.1078295
vn 0.09386095 -0.9897915 0.1072519
vn -0.0539774 -0.9576494 0.2828324
vn 0.05982596 0.9544113 -0.2924378
vn 0.1125483 -0.9792072 0.1687785
vn -0.1140617 0.9787439 -0.1704417
vn 0.554507 0.03213073 0.8315585
vn -0.08284957 -0.01230731 0.9964861
vn 0.714677 0.2247396 0.6623661
vn 0.776518 -0.03971715 -0.628842
vn -0.6218547 0.01041745 -0.7830634
vn -0.9647077 -0.2387348 0.1111073
vn -0.04143263 0.9990085 -0.01629355
vn 0.04003774 -0.9990699 0.01600805
vn -0.06296191 -0.9730133 0.2219933
vn 0.06630655 0.9702469 -0.2328613
vn 0.07247337 -0.9947417 0.07236366
vn -0.07434435 0.9945075 -0.0736735
vn 0.7237529 -0.06952706 0.6865478
vn 0.06909112 -0.01115331 0.997548
vn 0.8064755 0.226399 0.5462059
vn 0.6723375 -0.039606 -0.7391845
vn -0.7333244 0.008714098 -0.679823
vn -0.9364192 -0.2397144 0.2562345
vn -0.04475749 0.9989385 -0.0108922
vn 0.04333554 -0.999002 0.01082139
vn -0.02730308 -0.9728062 0.2300057
vn 0.02896624 0.9700301 -0.241252
vn 0.0839288 -0.9945655 0.06160777
vn -0.08597633 0.9943274 -0.06261876
vn 0.8195032 -0.06782629 0.5690467
vn 0.1587652 -0.05965883 0.9855123
vn 0.8637256 0.1612464 0.4774702
vn 0.5992952 -0.03938897 -0.7995586
vn -0.7905511 0.07575604 -0.6076924
vn -0.920733 -0.2043828 0.3323829
vn 0.007926286 0.9993987 0.0337558
vn -0.009350129 -0.9993884 -0.03369643
vn -0.05827476 -0.9796649 0.1919917
vn 0.05875826 0.9773212 -0.2034472
vn 0.03586954 -0.9992689 0.01322827
vn -0.03801019 0.9991785 -0.01405305
vn 0.8630209 -0.1339938 0.4870735
vn 0.1903792 -0.06343928 0.9796587
vn 0.8759626 0.1703831 0.4512862
vn 0.5744287 -0.02614116 -0.8181372
vn -0.8101758 0.06840766 -0.5821818
vn -0.9069619 -0.2192457 0.3596545
vn -0.004782404 0.9991876 0.04001443
vn 0.003361202 -0.9991976 -0.03991048
vn -0.03873355 -0.9815349 0.1873205
vn 0.03888981 0.9792681 -0.1988004
vn 0.05002326 -0.9987325 0.005577879
vn -0.05218734 0.9986172 -0.006335945
vn 0.8796249 -0.1248914 0.4589795
vn 0.234897 -0.05799349 0.9702887
vn 0.8933306 0.1818204 0.4109766
vn 0.5373704 -0.02236247 -0.8430499
vn -0.836235 0.05726201 -0.5453734
vn -0.8873179 -0.2283153 0.4006732
vn -0.01445512 0.9991975 0.03735497
vn 0.01304014 -0.9992232 -0.03718723
vn -0.01900774 -0.9812784 0.1916548
vn 0.01867441 0.978975 -0.2031239
vn 0.06168949 -0.9980764 0.006156502
vn -0.06388399 0.9979341 -0.006816238
vn 0.9007254 -0.1133661 0.419335
vn 0.3409133 -0.001385871 0.9400938
vn 0.9282992 0.2198729 0.299861
vn 0.4423397 -0.05797044 -0.8949721
vn -0.8919886 0.01262245 -0.4518818
vn -0.8324547 -0.2224756 0.5074681
vn -0.03422466 0.9993321 -0.01281201
vn 0.03283759 -0.9993744 0.01313613
vn 0.0255854 -0.9697171 0.2428874
vn -0.02711556 0.9667938 -0.2541153
vn 0.08589332 -0.9950123 0.05072346
vn -0.08814269 0.9947948 -0.05112851
vn 0.9436355 -0.0742525 0.3225501
vn 0.3906429 -0.002967774 0.9205375
vn 0.9480733 0.1991275 0.2480027
vn 0.3922382 -0.07531525 -0.9167752
vn -0.9143447 0.03129693 -0.4037257
vn -0.8092171 -0.1982418 0.5530533
vn -0.01068223 0.9997527 -0.0195059
vn 0.009313825 -0.9997585 0.01990394
vn 0.01509702 -0.9682692 0.249453
vn -0.01729667 0.9653034 -0.2605578
vn 0.0643966 -0.9964314 0.05456758
vn -0.06666908 0.9962664 -0.05485015
vn 0.9574847 -0.0951141 0.2723534
vn 0.4682055 0.002053558 0.8836173
vn 0.9632373 0.2112693 0.1659492
vn 0.3130451 -0.07029205 -0.9471335
vn -0.9459431 0.01956637 -0.3237419
vn -0.7561713 -0.2085914 0.6202376
vn -0.02508669 0.9995333 -0.01743221
vn 0.02375778 -0.9995567 0.01794623
vn 0.04881627 -0.9679924 0.2461864
vn -0.05192278 0.9649983 -0.2570647
vn 0.08156517 -0.9955231 0.04775896
vn -0.08385118 0.995329 -0.04784565
vn 0.9784617 -0.08282723 0.1890831
vn 0.5219702 0.0139204 0.8528501
vn 0.9730803 0.2065046 0.102326
vn 0.2533702 -0.08947176 -0.9632229
vn -0.9640015 0.02136783 -0.2650367
vn -0.7177656 -0.1916052 0.6694027
vn -0.01927997 0.9992381 -0.03393524
vn 0.01798527 -0.9992418 0.03453062
vn 0.05732957 -0.9638566 0.2601803
vn -0.06112339 0.9606959 -0.2707902
vn 0.07755231 -0.9951424 0.06064047
vn -0.07984061 0.994965 -0.06058233
vn 0.9876947 -0.08725033 0.1297944
vn 0.558375 -0.0006690564 0.8295884
vn 0.9770236 0.2034618 0.06346864
vn 0.2113099 -0.07415516 -0.974602
vn -0.9745101 0.02701189 -0.2227117
vn -0.6885588 -0.2014627 0.6966345
vn -0.01863975 0.9996835 -0.01689872
vn 0.01737196 -0.9996951 0.01754941
vn 0.06650703 -0.9680369 0.241829
vn -0.07076257 0.9650545 -0.2523146
vn 0.07802038 -0.9961033 0.04112124
vn -0.08030441 0.9959282 -0.04096708
vn 0.9921975 -0.09072001 0.0855229
vn -0.6596888 -0.2066592 -0.7225668
vn -0.9902154 0.134289 0.03794788
vn -0.07596692 0.1246952 0.9892827
vn 0.98979 0.1244125 0.06955107
vn 0.6060741 -0.3095189 -0.7327157
vn -0.06034699 0.9798477 -0.1904123
vn 0.06151615 -0.9799321 0.1896018
vn -0.01879123 -0.9994606 -0.02693264
vn 0.02460258 0.9990094 0.03708046
vn -0.001774129 -0.9846035 0.1747938
vn 0.004025276 0.9845181 -0.1752367
vn -0.9842539 -0.1582042 0.07884005
vn -0.4831926 -0.2098649 -0.8499892
vn -0.9794614 0.104289 -0.172567
vn -0.2892535 0.100448 0.9519678
vn 0.9474838 0.1518416 0.2814579
vn 0.758347 -0.2752735 -0.590876
vn -0.05106939 0.9816345 -0.1838089
vn 0.05238662 -0.9816666 0.1832659
vn 0.02078797 -0.9987386 -0.04570551
vn -0.01726193 0.9982333 0.05685295
vn -0.00609937 -0.9878644 0.1551992
vn 0.008394764 0.987855 -0.1551519
vn -0.9725853 -0.1887378 -0.1358521
vn -0.4350708 -0.2158028 -0.8741525
vn -0.9761875 0.05089905 -0.210873
vn -0.3329213 0.05849529 0.9411385
vn 0.9245626 0.1999914 0.3243262
vn 0.7966899 -0.2147232 -0.5649593
vn -0.1023021 0.9813673 -0.1626419
vn 0.1036397 -0.9813078 0.1621539
vn 0.08238375 -0.9942591 -0.06827679
vn -0.07928639 0.993673 0.07954689
vn 0.04680994 -0.9902067 0.1315281
vn -0.04452189 0.9903312 -0.1313851
vn -0.9532638 -0.2420692 -0.1808057
vn 0.877165 -0.008913631 -0.4801064
vn 0.8780983 0.323429 0.3526147
vn -0.2586817 0.05108563 0.9646108
vn -0.9661155 -0.08004928 -0.2453834
vn -0.2717774 -0.3584881 -0.8930976
vn -0.09624675 0.9851975 -0.1418533
vn 0.09542146 -0.9854416 0.1407109
vn 0.2402992 -0.9698933 -0.03953982
vn -0.248695 0.9674257 0.04731059
vn 0.1596637 -0.9762189 0.1466435
vn -0.1615983 0.975729 -0.1477799
vn 0.9228817 0.03310473 0.3836581
vn 0.8350701 -0.04497139 -0.5483025
vn 0.9134876 0.2989658 0.2759709
vn -0.1786668 0.07341923 0.9811666
vn -0.9847611 -0.05127569 -0.166182
vn -0.3539351 -0.3619058 -0.8624118
vn -0.075661 0.9857382 -0.1503183
vn 0.07474265 -0.9859707 0.1492496
vn 0.205104 -0.9778296 -0.04220964
vn -0.2129251 0.9757537 0.05067126
vn 0.1395102 -0.9788113 0.1498842
vn -0.1415433 0.9783703 -0.1508547
vn 0.9512788 0.007790813 0.3082338
vn 0.8480214 -0.06607524 -0.5258267
vn 0.9150197 0.2638526 0.3051571
vn -0.2033438 0.06624186 0.9768641
vn -0.9809203 -0.01536419 -0.1938027
vn -0.3417965 -0.3379449 -0.8769085
vn -0.03809091 0.9896859 -0.1380979
vn 0.03720256 -0.9898717 0.1370033
vn 0.1730528 -0.9836078 -0.05068019
vn -0.1811656 0.9816883 0.0588828
vn 0.1021375 -0.9849384 0.1395143
vn -0.1041544 0.9845808 -0.1405442
vn 0.9420447 -0.02887219 0.3342427
vn 0.8828571 -0.05117672 -0.4668451
vn 0.892482 0.2429352 0.3800769
vn -0.2718653 0.02686349 0.9619603
vn -0.9647425 0.001174599 -0.2631933
vn -0.280498 -0.2978712 -0.9124656
vn -0.02270247 0.9949042 -0.09823591
vn 0.02188948 -0.9950366 0.09707252
vn 0.1707605 -0.9820521 -0.08009071
vn -0.1794507 0.9798582 0.08760942
vn 0.08650637 -0.9907683 0.1043788
vn -0.08845153 0.9904708 -0.1055648
vn 0.9157423 -0.05094277 0.3985235
vn 0.8925146 -0.07134015 -0.4453405
vn 0.887673 0.2292708 0.3993388
vn -0.2939493 0.03956526 0.9550018
vn -0.9580649 0.01708861 -0.2860416
vn -0.2644393 -0.2998086 -0.916617
vn -0.001626321 0.9943431 -0.1062034
vn 0.00083606 -0.9944696 0.1050218
vn 0.1540663 -0.9856731 -0.06864565
vn -0.1629738 0.9837003 0.07598218
vn 0.0653308 -0.9913501 0.1138289
vn -0.06724983 0.9910797 -0.1150582
vn 0.9049534 -0.06485966 0.4205386
vn 0.925814 -0.06165747 -0.3729167
vn 0.8535478 0.195377 0.4829947
vn -0.3723021 -0.0050025 0.9280981
vn -0.9305762 0.04586094 -0.3632145
vn -0.1900349 -0.2485816 -0.9497863
vn 0.0176671 0.9983895 -0.05390992
vn -0.01834931 -0.9984437 0.0526634
vn 0.1489356 -0.9830402 -0.1070052
vn -0.158449 0.9808261 0.1134645
vn 0.04520593 -0.9967326 0.06693719
vn -0.04702198 0.9965537 -0.06833479
vn 0.8659115 -0.09967407 0.4901658
vn 0.91991 -0.05500467 -0.3882528
vn 0.8559308 0.2510983 0.4520311
vn -0.353826 0.03963199 0.9344713
vn -0.938464 -0.005581073 -0.345332
vn -0.2002331 -0.3116323 -0.928866
vn -0.01605674 0.9933367 -0.1141243
vn 0.01533895 -0.9934886 0.1128951
vn 0.1789013 -0.9825469 -0.05094969
vn -0.1882028 0.9804325 0.05772374
vn 0.07907646 -0.9889144 0.1256796
vn -0.08090987 0.9885942 -0.1270246
vn 0.8780762 -0.04241335 0.4766375
vn 0.9453496 -0.1152882 -0.3049965
vn 0.8244649 0.09889275 0.5572055
vn -0.4447877 -0.02643311 0.8952459
vn -0.8922858 0.1407702 -0.4289636
vn -0.1316435 -0.1794259 -0.9749237
vn 0.09776756 0.9951673 0.009147486
vn -0.0983505 -0.995097 -0.01044241
vn 0.08188738 -0.9843939 -0.1557665
vn -0.09201956 0.9826 0.1613376
vn -0.03619122 -0.9993073 0.008672005
vn 0.03449031 0.9993529 -0.0102088
vn 0.8137552 -0.196135 0.5471139
vt -0.09976815 0.0573625
vt -0.1016289 0.05458612
vt -0.1012962 0.05414048
vt -0.09940933 0.05693761
vt 0.05397691 0.09985828
vt 0.0420063 0.1093594
vt 0.05354336 0.09950999
vt 0.1079261 0.0420787
vt 0.1070381 0.04428426
vt 0.1065117 0.0441096
vt 0.1073916 0.04193071
vt -0.05094023 0.1095029
vt -0.06218374 0.09815298
vt -0.06169826 0.09788178
vt -0.0506021 0.1090614
vt -0.09306847 0.05474181
vt -0.09467769 0.05242974
vt -0.09416529 0.05221364
vt -0.09252571 0.05462071
vt -0.02414281 0.009672636
vt -0.03929271 0.01474391
vt -0.04003688 0.01248539
vt 0.03989119 0.01261366
vt 0.03907933 0.01481918
vt 0.02414509 0.009811359
vt 0.004216169 -0.008998852
vt 0.003156524 -0.01171167
vt 0.006119016 -0.01332658
vt -0.004943793 -0.01438901
vt -0.002012657 -0.01278308
vt -0.003045918 -0.01016246
vt 0.02542409 0.002674044
vt 0.02770687 -0.00146588
vt 0.04115713 0.005548758
vt -0.04132498 0.005263454
vt -0.02773562 -0.001650381
vt -0.02544423 0.00237644
vt 0.08514052 0.07991257
vt 0.0772105 0.09293512
vt 0.07672261 0.09266818
vt 0.03382375 0.08538439
vt 0.03403371 0.08576408
vt 0.03247419 0.08773151
vt 0.03224623 0.08736233
vt -0.03909218 0.02687902
vt -0.03881636 0.02721395
vt -0.0404943 0.02907592
vt -0.04077329 0.02874363
vt -0.09991818 0.01132219
vt -0.09948994 0.01139191
vt -0.1003853 0.01374836
vt -0.1008109 0.01366429
vt -0.07748505 0.08635281
vt -0.07719565 0.08602956
vt -0.07612192 0.08833452
vt -0.07642853 0.08864153
vt 0.004141681 0.05856872
vt 0.004355273 0.05819105
vt 0.006118035 0.06004176
vt 0.005892707 0.06041253
vt 0.07044308 0.00550941
vt 0.07080479 0.005269785
vt 0.07227492 0.007353535
vt 0.07191639 0.007597894
vt 0.1070661 0.0490952
vt 0.1074705 0.04925223
vt 0.1073854 0.05178078
vt 0.1069737 0.05164369
vt -0.1056035 0.05601885
vt -0.1052446 0.0562627
vt -0.1052115 0.05669532
vt -0.1055291 0.05699094
vt -0.1059582 0.05692695
vt -0.1061758 0.05655153
vt -0.1060179 0.0561474
vt 0.1077056 0.0540413
vt 0.1078734 0.05444142
vt 0.1076652 0.05482208
vt 0.1072377 0.05489662
vt 0.1069129 0.05460891
vt 0.1069354 0.05417562
vt 0.1072882 0.053923
vt 0.02709573 0.09023391
vt 0.02731653 0.09060742
vt 0.02648441 0.09151272
vt 0.02626492 0.09113845
vt -0.03977155 0.02823302
vt -0.03949327 0.0285659
vt -0.0403809 0.02941169
vt -0.04066191 0.02908111
vt -0.1003467 0.008853318
vt -0.0999217 0.008940491
vt -0.1004128 0.01005747
vt -0.100839 0.009976218
vt -0.07072391 0.09342166
vt -0.07043116 0.09310141
vt -0.06985283 0.09417153
vt -0.0701426 0.09449446
vt 0.008369042 0.06238272
vt 0.008593608 0.06201147
vt 0.009489607 0.06283589
vt 0.009264015 0.06320651
vt 0.07038839 0.004566691
vt 0.07074471 0.004319123
vt 0.07152087 0.005264033
vt 0.07116157 0.005507259
vt 0.1060096 0.05339179
vt 0.106417 0.05354104
vt 0.1063554 0.05476768
vt 0.10595 0.05461315
vt 0.1076894 0.05521909
vt 0.1078536 0.05562066
vt 0.1076421 0.0559995
vt 0.107214 0.05607029
vt 0.1068918 0.05577976
vt 0.106918 0.05534667
vt 0.107273 0.05509715
vt 0.03046406 0.08904018
vt 0.0306894 0.08941094
vt 0.02940422 0.09041522
vt 0.02917668 0.09004581
vt -0.02661471 0.016024
vt -0.0263459 0.01636459
vt -0.02764798 0.01733912
vt -0.02792043 0.01700144
vt -0.09827886 -0.005891325
vt -0.09785637 -0.00579254
vt -0.0984581 -0.004285084
vt -0.09888132 -0.004380651
vt -0.06636386 0.09734197
vt -0.06608357 0.09701078
vt -0.0650288 0.09824524
vt -0.06530955 0.09857605
vt -0.001818591 0.05683076
vt -0.001590485 0.05646167
vt -0.000251128 0.05738666
vt -0.0004826364 0.05775361
vt 0.05936154 -0.01456964
vt 0.05970152 -0.01483922
vt 0.06083449 -0.0136644
vt 0.06049178 -0.0133983
vt 0.1037612 0.05807673
vt 0.1041572 0.058254
vt 0.1037547 0.05983724
vt 0.1033593 0.05965861
vt 0.1078099 0.05563127
vt 0.1079726 0.05603348
vt 0.1077596 0.05641148
vt 0.1073312 0.05648062
vt 0.1070101 0.05618883
vt 0.107038 0.05575585
vt 0.1073939 0.05550771
vt 0.03940818 0.08429813
vt 0.03964866 0.08465926
vt 0.03809664 0.0856665
vt 0.03785423 0.08530666
vt -0.01275271 0.004074945
vt -0.01249802 0.00442621
vt -0.01402397 0.00546667
vt -0.01428133 0.005117358
vt -0.09688384 -0.01447313
vt -0.09646402 -0.01436355
vt -0.09697314 -0.01259007
vt -0.09739342 -0.01269791
vt -0.06915144 0.09573811
vt -0.06886114 0.09541564
vt -0.06749064 0.09665258
vt -0.06778171 0.09697434
vt -0.01445123 0.04904246
vt -0.01421989 0.0486754
vt -0.01263354 0.04962587
vt -0.01286753 0.04999125
vt 0.04876548 -0.02956852
vt 0.04908522 -0.02986183
vt 0.05037683 -0.02853438
vt 0.05005519 -0.02824317
vt 0.1025927 0.06084295
vt 0.1029849 0.06102841
vt 0.1022168 0.0627142
vt 0.1018247 0.06252837
vt 0.1077823 0.05570657
vt 0.1079442 0.05610909
vt 0.1077305 0.05648668
vt 0.107302 0.05655497
vt 0.1069814 0.05626256
vt 0.1070102 0.05582963
vt 0.1073666 0.0555822
vt 0.03972212 0.0841667
vt 0.03996668 0.08452509
vt 0.03854124 0.08559109
vt 0.03829329 0.08523502
vt -0.01752858 0.007819196
vt -0.01726703 0.008165381
vt -0.01866527 0.009260706
vt -0.01892982 0.008916808
vt -0.09870456 -0.00600258
vt -0.09828196 -0.005904207
vt -0.09872179 -0.00418396
vt -0.09914451 -0.004281754
vt -0.07134787 0.09417816
vt -0.07104827 0.09386431
vt -0.0698175 0.09514832
vt -0.07011929 0.09546006
vt -0.01219909 0.05045381
vt -0.01196501 0.05008849
vt -0.01049699 0.05110041
vt -0.01073475 0.05146335
vt 0.05469986 -0.02213781
vt 0.05503104 -0.02241813
vt 0.05618761 -0.02105797
vt 0.05585487 -0.0207795
vt 0.1033677 0.06025111
vt 0.1037659 0.06042342
vt 0.1031176 0.06208552
vt 0.1027189 0.06191446
vt 0.1078358 0.05559472
vt 0.1079978 0.05599723
vt 0.1077841 0.05637485
vt 0.1073557 0.0564432
vt 0.1070351 0.05615084
vt 0.1070638 0.0557179
vt 0.1074201 0.05547042
vt 0.05189877 0.07584429
vt 0.05216002 0.0761907
vt 0.05053479 0.07728609
vt 0.05027162 0.07694113
vt -0.002253689 -0.003970412
vt -0.002012856 -0.003609505
vt -0.003544778 -0.002395304
vt -0.003789897 -0.002753315
vt -0.09820712 -0.009374009
vt -0.09778607 -0.009269232
vt -0.09795727 -0.007326033
vt -0.09837928 -0.00742685
vt -0.07767974 0.08886038
vt -0.07736102 0.08856595
vt -0.07588518 0.08984178
vt -0.07620398 0.0901361
vt -0.02734677 0.04051754
vt -0.02711412 0.0401513
vt -0.02548063 0.04122552
vt -0.0257168 0.04158948
vt 0.04491071 -0.03450246
vt 0.04522011 -0.03480665
vt 0.04639929 -0.03324085
vt 0.04608631 -0.03294035
vt 0.1034515 0.06088256
vt 0.103853 0.06104698
vt 0.1028497 0.06273341
vt 0.102449 0.06256698
vt 0.1073777 0.05601148
vt 0.1075376 0.05641485
vt 0.1073218 0.05679132
vt 0.106893 0.0568574
vt 0.106574 0.05656333
vt 0.106605 0.05613056
vt 0.1069627 0.05588497
vt 0.04688879 0.07935613
vt 0.04714906 0.07970329
vt 0.04544662 0.08102578
vt 0.04518515 0.08067952
vt -0.01240874 0.00353704
vt -0.01215067 0.003885827
vt -0.01376609 0.005307267
vt -0.01402737 0.00496088
vt -0.09951086 -0.0007724197
vt -0.09908684 -0.00068037
vt -0.09935538 0.001451056
vt -0.09978012 0.001362424
vt -0.07586927 0.09044684
vt -0.07555118 0.09015173
vt -0.07405062 0.09168859
vt -0.07436848 0.09198394
vt -0.01934578 0.04566498
vt -0.01910694 0.04530276
vt -0.01738089 0.04658629
vt -0.01762228 0.04694682
vt 0.05380116 -0.0234306
vt 0.05413088 -0.02371263
vt 0.05536859 -0.02194836
vt 0.05503618 -0.02166951
vt 0.1031158 0.06166564
vt 0.1035189 0.06182601
vt 0.102597 0.06377634
vt 0.1021946 0.063614
vt 0.1070725 0.05650645
vt 0.1072304 0.05691058
vt 0.1070129 0.05728601
vt 0.1065838 0.05735003
vt 0.1062661 0.05705444
vt 0.1062992 0.05662183
vt 0.1066581 0.05637795
vt 0.03836839 0.08533894
vt 0.03862327 0.08569007
vt 0.03723454 0.08737864
vt 0.03697675 0.08702962
vt -0.0351584 0.02501901
vt -0.03487205 0.02534498
vt -0.0362598 0.02702919
vt -0.03654917 0.02670589
vt -0.1020257 0.02038031
vt -0.1015976 0.0204508
vt -0.1020649 0.02258098
vt -0.1024932 0.02251195
vt -0.07639153 0.09010926
vt -0.07606946 0.08981851
vt -0.07501027 0.09172729
vt -0.07533382 0.09201641
vt -0.00164694 0.05797253
vt -0.001402715 0.05761391
vt 7.601728E-05 0.05922536
vt -0.0001717112 0.05958157
vt 0.07145425 0.00677509
vt 0.07181693 0.006536924
vt 0.07290819 0.008435827
vt 0.07254386 0.00867145
vt 0.1043178 0.0610507
vt 0.1047277 0.06119302
vt 0.1043366 0.06334759
vt 0.1039266 0.06320561
vt 0.1072294 0.05696552
vt 0.1073868 0.05736988
vt 0.1071687 0.05774499
vt 0.1067395 0.0578084
vt 0.1064223 0.05751235
vt 0.106456 0.05707978
vt 0.1068152 0.05683642
vt 0.04622865 0.0805148
vt 0.04649501 0.08085731
vt 0.04494043 0.08236707
vt 0.04467134 0.0820267
vt -0.02136443 0.01163305
vt -0.02109197 0.01197072
vt -0.02254565 0.01357315
vt -0.02282085 0.01323771
vt -0.1015562 0.01347404
vt -0.1011292 0.01355083
vt -0.1013341 0.01570376
vt -0.1017613 0.01562786
vt -0.07764943 0.08977947
vt -0.0773213 0.08949558
vt -0.07599028 0.09120314
vt -0.07631997 0.09148523
vt -0.01451929 0.04951933
vt -0.01427382 0.04916157
vt -0.01268416 0.05063705
vt -0.01293282 0.0509926
vt 0.06329108 -0.008870387
vt 0.06363939 -0.009129113
vt 0.06469415 -0.007231192
vt 0.06434439 -0.00697444
vt 0.1034111 0.06377536
vt 0.1038193 0.06392218
vt 0.1030491 0.06595144
vt 0.1026406 0.06580539
vt 0.1070813 0.05711569
vt 0.1072384 0.05752013
vt 0.1070202 0.05789512
vt 0.1065909 0.05795829
vt 0.1062739 0.05766207
vt 0.1063078 0.05722952
vt 0.1066672 0.05698636
vt 0.04655909 0.08053248
vt 0.04682966 0.08087168
vt 0.04528712 0.08238347
vt 0.04501496 0.08204556
vt -0.0214488 0.01195675
vt -0.02117538 0.01229364
vt -0.02260207 0.01391152
vt -0.02287767 0.0135764
vt -0.1017975 0.0161096
vt -0.1013702 0.01618518
vt -0.1015217 0.0183355
vt -0.1019492 0.01826133
vt -0.0775335 0.09027117
vt -0.07720152 0.08999179
vt -0.07587186 0.09168975
vt -0.07620448 0.09196839
vt -0.01485052 0.04955291
vt -0.0146025 0.04919691
vt -0.01303344 0.05068038
vt -0.01328368 0.05103483
vt 0.06397802 -0.007546011
vt 0.06432709 -0.00780371
vt 0.06533638 -0.005892159
vt 0.06498592 -0.00563636
vt 0.1028631 0.06558356
vt 0.1032723 0.06572763
vt 0.1024768 0.06773782
vt 0.1020676 0.06759353
vt 0.1068638 0.05744914
vt 0.1070202 0.05785387
vt 0.1068013 0.05822847
vt 0.1063719 0.0582909
vt 0.1060554 0.05799412
vt 0.1060901 0.05756163
vt 0.1064499 0.0573191
vt 0.04804105 0.07960449
vt 0.04831539 0.07994065
vt 0.04674129 0.08144662
vt 0.04646396 0.08111292
vt -0.01927116 0.0101723
vt -0.01900044 0.01051137
vt -0.02042881 0.0121501
vt -0.02070317 0.01181398
vt -0.1018534 0.01747674
vt -0.1014261 0.01755179
vt -0.1014884 0.01972285
vt -0.1019161 0.01964969
vt -0.07771482 0.09043851
vt -0.07737947 0.09016319
vt -0.07599808 0.09184216
vt -0.07633487 0.09211574
vt -0.01711434 0.0481384
vt -0.01686564 0.04778288
vt -0.01527694 0.04927408
vt -0.01552952 0.04962686
vt 0.06316306 -0.008784642
vt 0.06350998 -0.009045234
vt 0.06448744 -0.007093821
vt 0.06413833 -0.006836179
vt 0.102226 0.06744209
vt 0.1026357 0.06758501
vt 0.1017533 0.06958102
vt 0.1013436 0.06943828
vt 0.1065515 0.05765173
vt 0.1067071 0.05805678
vt 0.1064874 0.05843093
vt 0.1060579 0.05849244
vt 0.105742 0.05819499
vt 0.1057776 0.05776257
vt 0.1061379 0.05752081
vt 0.04490167 0.08221202
vt 0.04517793 0.0825466
vt 0.04344203 0.08415784
vt 0.04316361 0.08382504
vt -0.02100388 0.01202332
vt -0.0207291 0.0123591
vt -0.02232036 0.0141072
vt -0.02259867 0.01377434
vt -0.1017533 0.0181549
vt -0.1013259 0.01822962
vt -0.1014406 0.02058784
vt -0.1018685 0.02051597
vt -0.07505516 0.0933337
vt -0.07472065 0.09305733
vt -0.0732006 0.0948652
vt -0.07353573 0.09514082
vt -0.01437394 0.05033107
vt -0.01412087 0.04997864
vt -0.01236747 0.05156728
vt -0.01262386 0.0519173
vt 0.06361216 -0.007719113
vt 0.06396023 -0.007978166
vt 0.06507531 -0.005886688
vt 0.06472477 -0.005630984
vt 0.1010223 0.06971951
vt 0.1014311 0.06986489
vt 0.1004747 0.07203469
vt 0.1000663 0.07188831
vt 0.1062293 0.05804209
vt 0.1063833 0.05844777
vt 0.1061621 0.05882102
vt 0.1057324 0.05888081
vt 0.1054176 0.05858209
vt 0.105455 0.05814982
vt 0.1058163 0.05790951
vt 0.0423025 0.08442578
vt 0.04258031 0.08475909
vt 0.04076631 0.08648191
vt 0.04048738 0.08614953
vt -0.02414788 0.01525372
vt -0.02386745 0.01558479
vt -0.02553797 0.01744286
vt -0.0258208 0.01711383
vt -0.1019238 0.02137211
vt -0.1014958 0.02144342
vt -0.1016478 0.02393496
vt -0.1020762 0.02386608
vt -0.07329554 0.09535794
vt -0.07296084 0.0950818
vt -0.07138336 0.09701644
vt -0.07171811 0.09729253
vt -0.01124594 0.05287134
vt -0.01098899 0.05252172
vt -0.009152328 0.054216
vt -0.009411335 0.0545641
vt 0.06569665 -0.003800301
vt 0.06604911 -0.004053337
vt 0.06722587 -0.001845483
vt 0.0668716 -0.001594987
vt 0.1001424 0.07180389
vt 0.100551 0.07194968
vt 0.09958293 0.0742581
vt 0.09917475 0.07411108
vt 0.1059541 0.05851101
vt 0.1061066 0.05891727
vt 0.105884 0.05928969
vt 0.105454 0.05934789
vt 0.1051404 0.05904799
vt 0.1051794 0.05861586
vt 0.1055415 0.0583769
vt 0.03692298 0.08882327
vt 0.03719921 0.08915789
vt 0.03560586 0.0909566
vt 0.03533003 0.09062165
vt -0.03436146 0.02637258
vt -0.03406794 0.02669211
vt -0.0355703 0.02856293
vt -0.03586646 0.02824585
vt -0.1025362 0.0305486
vt -0.1021071 0.03061257
vt -0.1023829 0.03299107
vt -0.1028128 0.03293199
vt -0.07176001 0.09727393
vt -0.07142519 0.09699793
vt -0.07011715 0.09900039
vt -0.07045029 0.09927841
vt -0.002380516 0.06003047
vt -0.002119343 0.059684
vt -0.0004811746 0.0614291
vt -0.0007437154 0.06177453
vt 0.07255425 0.01035443
vt 0.07291923 0.0101198
vt 0.07400433 0.01225852
vt 0.07363681 0.01248915
vt 0.09994572 0.07344452
vt 0.100356 0.07358568
vt 0.0996728 0.07588894
vt 0.09926394 0.07574381
vt 0.1058273 0.05971345
vt 0.1059763 0.06012098
vt 0.1057505 0.06049149
vt 0.1053201 0.06054603
vt 0.105009 0.06024349
vt 0.1050517 0.05981171
vt 0.1054159 0.05957584
vt 0.03377784 0.09173033
vt 0.03405239 0.09206632
vt 0.0322713 0.09407587
vt 0.03199343 0.09374262
vt -0.03691493 0.02965027
vt -0.03661759 0.02996624
vt -0.03831347 0.03203959
vt -0.03861568 0.03172826
vt -0.1027473 0.03271952
vt -0.1023176 0.03277932
vt -0.1026817 0.0354289
vt -0.1031119 0.03537316
vt -0.06953511 0.1000973
vt -0.06920359 0.09981741
vt -0.06775261 0.102066
vt -0.06808516 0.1023447
vt 0.0008218413 0.06305076
vt 0.001084705 0.06270556
vt 0.002929654 0.06465234
vt 0.002661939 0.06499378
vt 0.07383852 0.01329402
vt 0.0742064 0.01306396
vt 0.07546212 0.01544074
vt 0.0750911 0.01566569
vt 0.09915775 0.07577271
vt 0.09956633 0.07591861
vt 0.09884036 0.07850828
vt 0.09843225 0.07836106
vt 0.1058104 0.0602936
vt 0.1059569 0.06070203
vt 0.1057289 0.06107117
vt 0.1052981 0.06112308
vt 0.1049889 0.06081864
vt 0.1050342 0.06038713
vt 0.1053998 0.06015348
vt 0.03175088 0.09387847
vt 0.03202855 0.0942119
vt 0.02979062 0.09620152
vt 0.02950604 0.09587396
vt -0.03133617 0.02330703
vt -0.03104267 0.02362657
vt -0.03316175 0.02573092
vt -0.03346113 0.02541688
vt -0.1024857 0.02559441
vt -0.1020565 0.02565767
vt -0.1024439 0.02861789
vt -0.1028732 0.0285556
vt -0.06464843 0.1051369
vt -0.06432206 0.104851
vt -0.06239272 0.1071382
vt -0.06272355 0.107419
vt -0.001465731 0.06165019
vt -0.001198979 0.06130799
vt 0.001093854 0.06324543
vt 0.0008196747 0.0635817
vt 0.06898666 0.002148405
vt 0.06934629 0.00190565
vt 0.07095198 0.004447817
vt 0.07058956 0.004686407
vt 0.09656426 0.07974614
vt 0.09696747 0.07990628
vt 0.09586281 0.08269931
vt 0.09545841 0.0825422
vt 0.1057782 0.05946488
vt 0.1059248 0.05987327
vt 0.1056969 0.06024248
vt 0.1052662 0.06029453
vt 0.1049569 0.05999019
vt 0.105002 0.05955867
vt 0.1053675 0.0593249
vt 0.08847115 0.07822712
vt 0.08651914 0.08102077
vt 0.08597273 0.08086907
vt 0.08793482 0.07804291
vt 0.1004578 0.03401944
vt 0.09432644 0.04834639
vt 0.09989996 0.03391721
vt 0.06988497 0.09804868
vt 0.06759102 0.09883327
vt 0.067375 0.09831063
vt 0.06964297 0.09753754
vt -0.1023697 0.05742531
vt -0.107959 0.04212349
vt -0.1073937 0.04207876
vt -0.1018685 0.05716011
vt -0.1109602 0.008558817
vt -0.1124021 0.006074506
vt -0.1118633 0.005897784
vt -0.1103985 0.008481177
vt -0.03185644 -0.002551819
vt -0.03444254 0.0135323
vt -0.03683472 0.01313607
vt 0.03663892 0.01305279
vt 0.03426259 0.01336283
vt 0.031721 -0.002496423
vt 0.03986268 -0.02603544
vt 0.04205272 -0.02804125
vt 0.04467845 -0.02581807
vt -0.0453031 -0.02699774
vt -0.04271478 -0.0292148
vt -0.04058749 -0.02728465
vt 0.03883422 -0.003793392
vt 0.04365091 -0.003597659
vt 0.04338161 0.01186819
vt -0.04372276 0.01192066
vt -0.04384149 -0.003626112
vt -0.03912413 -0.003882686
vt 0.1115193 0.03884203
vt 0.105916 0.0533444
vt 0.1053781 0.05316473
vt 0.07036397 0.002092238
vt 0.07000346 0.002333705
vt 0.06819861 -0.0003456386
vt 0.06855616 -0.0005914465
vt 0.002175079 0.06393801
vt 0.001897727 0.06427166
vt -0.0006458968 0.06228768
vt -0.0003721533 0.06195105
vt -0.05896931 0.1104298
vt -0.0592983 0.1107127
vt -0.06148843 0.1083451
vt -0.06115983 0.1080617
vt -0.1026188 0.0281172
vt -0.1030483 0.02805569
vt -0.1026353 0.02485299
vt -0.1022064 0.0249184
vt -0.03290331 0.02480978
vt -0.03320325 0.02449627
vt -0.03082457 0.02230415
vt -0.03052864 0.02262144
vt 0.02725565 0.09824249
vt 0.0269689 0.09791684
vt 0.02947674 0.09586912
vt 0.02976129 0.0961967
vt 0.09373201 0.08624674
vt 0.09333042 0.08608259
vt 0.09463741 0.08312251
vt 0.09503971 0.08328493
vt 0.1056639 0.05963262
vt 0.1058079 0.06004196
vt 0.1055776 0.06040967
vt 0.1051465 0.06045891
vt 0.1048392 0.06015254
vt 0.1048872 0.05972133
vt 0.1052542 0.05948995
vt -0.1053675 0.05932505
vt -0.105002 0.05955882
vt -0.1049569 0.05999035
vt -0.1052661 0.06029468
vt -0.1056969 0.06024263
vt -0.1059248 0.05987342
vt -0.1057782 0.05946503
vt 0.02639134 0.0983366
vt 0.02667763 0.09866266
vt 0.02444619 0.1006304
vt 0.02415926 0.1003049
vt -0.03601494 0.02789485
vt -0.03571133 0.02820482
vt -0.03783173 0.03028257
vt -0.03813989 0.02997713
vt -0.1032386 0.03137616
vt -0.1028088 0.0314349
vt -0.1032153 0.03436843
vt -0.1036461 0.03431677
vt -0.06000688 0.1101952
vt -0.05967664 0.1099137
vt -0.05776312 0.1121708
vt -0.05809175 0.1124542
vt 0.003825112 0.06595779
vt 0.004103023 0.06562461
vt 0.006375981 0.06752555
vt 0.00609499 0.06785613
vt 0.07228027 0.0073067
vt 0.07264543 0.00707233
vt 0.0742524 0.009570771
vt 0.07388324 0.009798773
vt 0.09402167 0.08563307
vt 0.09442498 0.08579296
vt 0.09333494 0.08856211
vt 0.09293364 0.08839726
vt 0.1056239 0.06067222
vt 0.1057625 0.06108342
vt 0.1055273 0.06144807
vt 0.1050957 0.06149163
vt 0.1047924 0.06118125
vt 0.104846 0.0607507
vt 0.1052161 0.06052418
vt 0.02356876 0.1007543
vt 0.0238552 0.1010802
vt 0.02144621 0.1033045
vt 0.02115498 0.1029828
vt -0.03990928 0.03233593
vt -0.03959894 0.03263915
vt -0.04189797 0.03496704
vt -0.04221318 0.03466889
vt -0.1037246 0.03619123
vt -0.1032936 0.0362416
vt -0.1037745 0.03947547
vt -0.1042057 0.03942744
vt -0.05834925 0.1122742
vt -0.05802017 0.1119914
vt -0.05597117 0.1145443
vt -0.05630291 0.1148241
vt 0.007463141 0.0691365
vt 0.007744469 0.0688062
vt 0.01021939 0.07096018
vt 0.009932426 0.07128559
vt 0.07514219 0.01291739
vt 0.07551382 0.01269344
vt 0.07726654 0.01547319
vt 0.07689225 0.01569266
vt 0.09331499 0.08815588
vt 0.0937172 0.08831847
vt 0.09259591 0.09140643
vt 0.09219334 0.09124471
vt 0.105726 0.06021709
vt 0.1058632 0.06062874
vt 0.1056269 0.06099262
vt 0.1051951 0.06103478
vt 0.1048928 0.06072342
vt 0.1049479 0.06029305
vt 0.1053187 0.06006772
vt 0.02273445 0.1018606
vt 0.02302693 0.1021811
vt 0.02068477 0.1043516
vt 0.02038885 0.1040342
vt -0.04117087 0.03330547
vt -0.04085693 0.03360495
vt -0.04307409 0.03589454
vt -0.04339216 0.03559946
vt -0.1042115 0.03961626
vt -0.1037803 0.03966419
vt -0.1041859 0.04282257
vt -0.1046174 0.04277748
vt -0.05744808 0.1140186
vt -0.0571144 0.1137412
vt -0.05511107 0.1162196
vt -0.05544632 0.1164951
vt 0.008437531 0.06995444
vt 0.008724131 0.06962871
vt 0.01112085 0.07173805
vt 0.01082982 0.07205983
vt 0.07657772 0.01490938
vt 0.0769514 0.01468886
vt 0.07861374 0.01742048
vt 0.07823758 0.01763673
vt 0.0924789 0.09107649
vt 0.09288212 0.09123658
vt 0.09175284 0.09422843
vt 0.09134971 0.09406815
vt 0.1057858 0.06001633
vt 0.1059211 0.06042863
vt 0.1056831 0.06079138
vt 0.1052511 0.06083151
vt 0.1049503 0.06051872
vt 0.1050074 0.06008862
vt 0.1053792 0.05986505
vt 0.02791112 0.09803838
vt 0.02821201 0.09835102
vt 0.02592002 0.1002524
vt 0.02561804 0.09994081
vt -0.03456561 0.02362091
vt -0.03425938 0.02392828
vt -0.0363417 0.02605021
vt -0.03665145 0.02574641
vt -0.1045048 0.0388
vt -0.1040736 0.0388475
vt -0.1041376 0.04181504
vt -0.1045694 0.04177228
vt -0.05918925 0.1137121
vt -0.05884808 0.113444
vt -0.05679377 0.1155852
vt -0.05713437 0.1158541
vt 0.001450154 0.0628942
vt 0.001737611 0.06256922
vt 0.004029893 0.06445916
vt 0.003739737 0.06478173
vt 0.07371683 0.006044544
vt 0.07408366 0.005812822
vt 0.07553253 0.008412717
vt 0.07516282 0.008639835
vt 0.09150586 0.09398562
vt 0.09190933 0.09414504
vt 0.09053461 0.09678844
vt 0.09013231 0.09662609
vt 0.1055362 0.06046996
vt 0.1056676 0.0608835
vt 0.1054261 0.061244
vt 0.1049938 0.06128008
vt 0.104696 0.06096448
vt 0.1047571 0.06053492
vt 0.105131 0.06031486
vt 0.02610002 0.09949756
vt 0.02640226 0.09980889
vt 0.02449645 0.1016505
vt 0.02419229 0.101341
vt -0.04088419 0.03135002
vt -0.04056849 0.03164764
vt -0.04228073 0.03366389
vt -0.04259985 0.03336992
vt -0.1047132 0.04796294
vt -0.1042811 0.04800204
vt -0.1043421 0.05064297
vt -0.1047745 0.05060742
vt -0.0595024 0.1139756
vt -0.05915833 0.1137113
vt -0.05748289 0.1157543
vt -0.05782731 0.1160183
vt 0.005870682 0.06680168
vt 0.006161855 0.06648003
vt 0.008074272 0.06830934
vt 0.007779954 0.06862812
vt 0.07872522 0.01787743
vt 0.07910239 0.01766292
vt 0.08025859 0.02004875
vt 0.07987909 0.0202591
vt 0.09179264 0.09572924
vt 0.09219835 0.09588286
vt 0.09112485 0.09830883
vt 0.09071974 0.09815366
vt 0.1053878 0.06072399
vt 0.1055163 0.06113843
vt 0.1052724 0.06149726
vt 0.1048398 0.06153035
vt 0.1045442 0.06121271
vt 0.1046082 0.06078359
vt 0.1049837 0.0605661
vt 0.01610257 0.1077984
vt 0.01640151 0.1081129
vt 0.01487356 0.1101809
vt 0.01457276 0.1098681
vt -0.05633287 0.05469593
vt -0.05599811 0.05497196
vt -0.05748583 0.05706406
vt -0.05782316 0.05679118
vt -0.1049218 0.06167286
vt -0.104489 0.06170387
vt -0.1048889 0.0642371
vt -0.1053218 0.06420862
vt -0.05686563 0.1167768
vt -0.05652259 0.1165111
vt -0.05533613 0.1187858
vt -0.05567975 0.1190508
vt 0.02109916 0.08204804
vt 0.02139704 0.08173259
vt 0.02300781 0.08373414
vt 0.02270725 0.08404703
vt 0.08693956 0.04370133
vt 0.08733199 0.0435162
vt 0.08844722 0.04583479
vt 0.08805324 0.0460166
vt 0.09252486 0.0971299
vt 0.09293336 0.09727596
vt 0.09242757 0.09979951
vt 0.09201938 0.0996526
vt 0.1056591 0.06115621
vt 0.1057856 0.06157128
vt 0.1055399 0.06192889
vt 0.1051072 0.06195984
vt 0.1048131 0.06164074
vt 0.1048793 0.06121193
vt 0.1052558 0.06099632
vt 0.01325687 0.1108707
vt 0.01355666 0.1111844
vt 0.01211581 0.1131269
vt 0.01181457 0.1128146
vt -0.05837408 0.05800152
vt -0.05803626 0.05827378
vt -0.0594562 0.06022625
vt -0.05979671 0.05995737
vt -0.105311 0.06399034
vt -0.1048781 0.06401923
vt -0.1052966 0.06639342
vt -0.1057297 0.06636795
vt -0.05474173 0.1197584
vt -0.05439946 0.1194917
vt -0.05329265 0.1216335
vt -0.05363496 0.1219002
vt 0.02380778 0.08528804
vt 0.02410842 0.0849752
vt 0.02563314 0.0868472
vt 0.02532997 0.08715759
vt 0.08810294 0.04657188
vt 0.08849699 0.04639024
vt 0.0895796 0.04855306
vt 0.08918376 0.0487308
vt 0.09183026 0.09975156
vt 0.09223811 0.09989938
vt 0.09179088 0.1022782
vt 0.09138367 0.1021286
vt 0.1059822 0.06179978
vt 0.1061058 0.06221574
vt 0.1058576 0.0625716
vt 0.1054246 0.06259947
vt 0.1051328 0.06227829
vt 0.105202 0.06184997
vt 0.1055801 0.06163703
vt 0.01819635 0.1079167
vt 0.01850201 0.1082247
vt 0.01680582 0.109889
vt 0.01649751 0.1095837
vt -0.04824619 0.04098821
vt -0.04791802 0.04127204
vt -0.04947457 0.043061
vt -0.049806 0.04278099
vt -0.1056411 0.05575982
vt -0.1052082 0.05578922
vt -0.105364 0.05815293
vt -0.1057971 0.05812601
vt -0.0536003 0.1219259
vt -0.05325804 0.1216592
vt -0.05179069 0.1235213
vt -0.05213412 0.1237865
vt 0.01422838 0.07577324
vt 0.01452933 0.07546071
vt 0.01624843 0.0771003
vt 0.01594399 0.07740944
vt 0.08323428 0.02730857
vt 0.08361947 0.02710881
vt 0.08471624 0.02922079
vt 0.08432915 0.02941684
vt 0.08926608 0.1032059
vt 0.08966944 0.1033656
vt 0.08878412 0.1055749
vt 0.08838089 0.1054149
vt 0.1060088 0.061616
vt 0.1061303 0.06203255
vt 0.1058803 0.06238719
vt 0.1054472 0.06241294
vt 0.1051571 0.06209034
vt 0.1052284 0.06166235
vt 0.1056075 0.06145128
vt 0.01971969 0.1068477
vt 0.02002979 0.1071512
vt 0.01827881 0.1087849
vt 0.01796788 0.1084823
vt -0.04632311 0.03714294
vt -0.04599622 0.03742823
vt -0.047568 0.03922874
vt -0.04789797 0.03894701
vt -0.1057883 0.05654746
vt -0.1053553 0.05657487
vt -0.1053979 0.05895988
vt -0.1058312 0.05893712
vt -0.05374588 0.1225974
vt -0.05340023 0.1223351
vt -0.0518536 0.1241497
vt -0.05219858 0.1244129
vt 0.01200693 0.07307269
vt 0.01230978 0.072762
vt 0.01406115 0.07438467
vt 0.01375597 0.07469307
vt 0.08281283 0.02430896
vt 0.08319686 0.02410699
vt 0.08425735 0.02625188
vt 0.08387093 0.02644924
vt 0.08845097 0.1053859
vt 0.08885433 0.1055456
vt 0.08784817 0.10772
vt 0.08744601 0.1075574
vt 0.1059711 0.06222286
vt 0.1060884 0.06264063
vt 0.1058348 0.06299269
vt 0.1054014 0.06301401
vt 0.1051146 0.06268845
vt 0.1051903 0.06226123
vt 0.1055715 0.06205405
vt 0.0179246 0.1085114
vt 0.01823551 0.1088141
vt 0.01664705 0.1103726
vt 0.01633513 0.110071
vt -0.04930085 0.04115338
vt -0.04896902 0.04143291
vt -0.050393 0.04313829
vt -0.05072716 0.04286155
vt -0.1058399 0.06083182
vt -0.1054066 0.06085384
vt -0.1054562 0.06307191
vt -0.1058896 0.06305297
vt -0.05285559 0.1239212
vt -0.05250974 0.1236592
vt -0.05111583 0.125385
vt -0.05146156 0.1256472
vt 0.01463772 0.07563517
vt 0.0149433 0.07532715
vt 0.01653626 0.07687517
vt 0.01622869 0.07718119
vt 0.08483367 0.02964916
vt 0.08522205 0.02945568
vt 0.08617795 0.03146485
vt 0.08578791 0.03165498
vt 0.08801066 0.1073032
vt 0.08841385 0.1074633
vt 0.0875244 0.1095048
vt 0.08712189 0.109343
vt 0.1059594 0.06253786
vt 0.1060738 0.06295644
vt 0.1058178 0.06330676
vt 0.1053843 0.06332511
vt 0.1050997 0.06299762
vt 0.1051783 0.06257091
vt 0.105561 0.06236634
vt 0.0156684 0.110642
vt 0.01597997 0.110944
vt 0.01466053 0.1124719
vt 0.01434643 0.1121726
vt -0.05525359 0.05071086
vt -0.05491384 0.05098072
vt -0.05610097 0.05260883
vt -0.05644311 0.05234202
vt -0.1058982 0.06869932
vt -0.1054647 0.06871684
vt -0.1055584 0.07072841
vt -0.1059919 0.07071207
vt -0.0532037 0.1243073
vt -0.05285573 0.1240481
vt -0.05173188 0.1257219
vt -0.05208127 0.1259792
vt 0.01950377 0.08088996
vt 0.01981261 0.08058523
vt 0.02115084 0.08209874
vt 0.02083908 0.08240049
vt 0.08845553 0.04194212
vt 0.08885071 0.04176293
vt 0.08965038 0.04362129
vt 0.08925404 0.04379791
vt 0.0887771 0.1085491
vt 0.08918246 0.1087036
vt 0.08851997 0.1106145
vt 0.08811437 0.1104606
vt 0.1059975 0.06224136
vt 0.1061109 0.0626602
vt 0.1058541 0.0630099
vt 0.1054206 0.06302723
vt 0.1051367 0.06269904
vt 0.1052163 0.06227254
vt 0.1055995 0.06206887
vt 0.01596871 0.1107349
vt 0.01628361 0.1110334
vt 0.01513736 0.112407
vt 0.01482167 0.1121094
vt -0.05625891 0.05207068
vt -0.05591698 0.05233777
vt -0.0569321 0.05380684
vt -0.05727612 0.05354245
vt -0.1059921 0.07193463
vt -0.1055585 0.07195079
vt -0.105608 0.07373267
vt -0.1060417 0.07371961
vt -0.0536446 0.1247167
vt -0.05329331 0.124462
vt -0.05231586 0.1259522
vt -0.05266688 0.1262072
vt 0.01983677 0.08126323
vt 0.02014817 0.08096111
vt 0.02130139 0.0823231
vt 0.02098823 0.0826234
vt 0.08948319 0.04486559
vt 0.08987996 0.04468992
vt 0.09054199 0.04635112
vt 0.09014378 0.04652347
vt 0.08876206 0.1101235
vt 0.08916869 0.1102746
vt 0.08857956 0.1119652
vt 0.08817363 0.1118122
vt 0.1060514 0.06278095
vt 0.1061618 0.06320058
vt 0.1059025 0.06354846
vt 0.1054688 0.06356269
vt 0.1051873 0.06323249
vt 0.10527 0.06280655
vt 0.1056546 0.06260563
vt 0.01747314 0.1096676
vt 0.01778998 0.1099641
vt 0.01670441 0.1113275
vt 0.0163867 0.111032
vt -0.05679345 0.0527011
vt -0.05645 0.05296622
vt -0.05738337 0.05443444
vt -0.05772866 0.05417172
vt -0.1060413 0.07539235
vt -0.1056076 0.07540528
vt -0.105601 0.07714259
vt -0.1060347 0.07713212
vt -0.05506762 0.124169
vt -0.05471387 0.1239177
vt -0.05377875 0.1253818
vt -0.05413246 0.1256331
vt 0.01920349 0.08052491
vt 0.01951596 0.0802239
vt 0.02059871 0.0815855
vt 0.02028458 0.08188478
vt 0.09039504 0.04775132
vt 0.09079371 0.04758002
vt 0.0913696 0.04922479
vt 0.09096973 0.04939328
vt 0.08912694 0.1112749
vt 0.08953433 0.111424
vt 0.08894893 0.1130669
vt 0.08854203 0.1129165
vt 0.106052 0.06320978
vt 0.10616 0.06363003
vt 0.1058987 0.06397642
vt 0.105465 0.06398816
vt 0.1051854 0.06365636
vt 0.1052705 0.0632309
vt 0.1056562 0.06303219
vt 0.0174331 0.1100192
vt 0.01775121 0.1103143
vt 0.01660821 0.1114613
vt 0.01628911 0.1111673
vt -0.05166516 0.0430585
vt -0.05132755 0.04333103
vt -0.05231047 0.04461403
vt -0.05265 0.0443439
vt -0.1060422 0.06998047
vt -0.1056084 0.06999208
vt -0.1055426 0.07160457
vt -0.1059763 0.07159537
vt -0.05205477 0.1273885
vt -0.0517034 0.1271339
vt -0.0506813 0.1283829
vt -0.05103273 0.1286374
vt 0.01576224 0.0764121
vt 0.01607422 0.07611056
vt 0.01720434 0.07726631
vt 0.01689062 0.07756603
vt 0.08771995 0.0354594
vt 0.08811356 0.03527676
vt 0.08871882 0.0367789
vt 0.08832394 0.03695878
vt 0.08646584 0.1139678
vt 0.08686951 0.1141267
vt 0.086172 0.1155897
vt 0.0857688 0.1154296
vt 0.1059971 0.06340657
vt 0.1061027 0.06382743
vt 0.1058395 0.06417234
vt 0.1054057 0.06418166
vt 0.105128 0.06384829
vt 0.1052155 0.06342331
vt 0.1056023 0.06322677
vt 0.015448 0.1119421
vt 0.01576679 0.1122365
vt 0.01451649 0.1133239
vt 0.01419637 0.113031
vt -0.04950784 0.03865781
vt -0.04917275 0.03893343
vt -0.05026687 0.04017348
vt -0.05060404 0.03990041
vt -0.1059814 0.06638583
vt -0.1055477 0.06639563
vt -0.1054756 0.06804563
vt -0.1059094 0.06803799
vt -0.04851228 0.1305799
vt -0.04816388 0.1303213
vt -0.04703046 0.1315234
vt -0.04737922 0.1317815
vt 0.01544595 0.07571348
vt 0.01575887 0.07541291
vt 0.0169971 0.07651113
vt 0.01668217 0.07680959
vt 0.08611371 0.02816793
vt 0.08650391 0.02797816
vt 0.08720307 0.02948165
vt 0.08681155 0.0296687
vt 0.08379964 0.1162303
vt 0.08419952 0.1163985
vt 0.08340459 0.1178546
vt 0.08300505 0.1176856
vt 0.1059377 0.06333794
vt 0.1060411 0.06375932
vt 0.1057761 0.06410289
vt 0.1053423 0.06410998
vt 0.1050663 0.0637752
vt 0.1051559 0.06335067
vt 0.1055438 0.06315611
vt 0.09154773 0.04629453
vt 0.09114705 0.04646108
vt 0.09048622 0.04497563
vt 0.09088536 0.04480541
vt 0.0248473 0.08599876
vt 0.02452676 0.08629118
vt 0.02341038 0.08511404
vt 0.02372857 0.08481906
vt -0.04612482 0.1327887
vt -0.04647385 0.1330465
vt -0.04743658 0.1317411
vt -0.04708774 0.1314831
vt -0.1055111 0.07650181
vt -0.105945 0.07649808
vt -0.1058985 0.07487371
vt -0.1054647 0.07488049
vt -0.05866269 0.05513129
vt -0.05901228 0.05487431
vt -0.05801578 0.05358543
vt -0.05766866 0.05384574
vt 0.00968648 0.1179307
vt 0.009366539 0.1176375
vt 0.01048094 0.1164462
vt 0.01079944 0.1167409
vt 0.08452583 0.1186993
vt 0.08412398 0.1185359
vt 0.08472068 0.1170192
vt 0.0851231 0.1171813
vt 0.1060368 0.06357652
vt 0.1061371 0.06399865
vt 0.1058697 0.06434027
vt 0.1054358 0.06434418
vt 0.1051622 0.06400737
vt 0.105255 0.06358352
vt 0.1056442 0.0633918
vt -0.1055438 0.06315612
vt -0.1051559 0.06335068
vt -0.1050663 0.06377521
vt -0.1053423 0.06411
vt -0.1057761 0.0641029
vt -0.1060411 0.06375934
vt -0.1059377 0.06333794
vt 0.01435043 0.1129582
vt 0.01467244 0.113249
vt 0.01331685 0.1143754
vt 0.01299307 0.1140866
vt -0.04976392 0.03735477
vt -0.04942695 0.03762809
vt -0.05060561 0.03893401
vt -0.05094468 0.03866331
vt -0.1059508 0.06832455
vt -0.105517 0.06832864
vt -0.1053984 0.07008225
vt -0.1058323 0.07007971
vt -0.0467734 0.1328327
vt -0.04642399 0.1325754
vt -0.04518225 0.1338213
vt -0.0455325 0.1340774
vt 0.01596016 0.07538805
vt 0.01627634 0.07509093
vt 0.01761513 0.07623701
vt 0.01729667 0.07653169
vt 0.08669978 0.02736058
vt 0.08709116 0.02717324
vt 0.08783201 0.0287753
vt 0.08743946 0.02896019
vt 0.0820796 0.1193107
vt 0.08247803 0.1194823
vt 0.08158319 0.1210038
vt 0.08118479 0.1208321
vt 0.1059431 0.06318532
vt 0.1060418 0.06360784
vt 0.105773 0.06394842
vt 0.1053392 0.06395067
vt 0.1050669 0.06361281
vt 0.1051613 0.06318931
vt 0.1055513 0.06299911
vt 0.007845461 0.1189377
vt 0.008167112 0.1192289
vt 0.006942254 0.1203555
vt 0.006618681 0.1200664
vt -0.0567851 0.04950742
vt -0.05643773 0.04976739
vt -0.05753636 0.05101148
vt -0.05788635 0.05075506
vt -0.1058245 0.07314146
vt -0.1053907 0.07314361
vt -0.1054144 0.07480054
vt -0.1058483 0.07480103
vt -0.04299193 0.1358336
vt -0.04264483 0.1355732
vt -0.04156039 0.1368277
vt -0.04190816 0.1370872
vt 0.02372326 0.08476019
vt 0.02404518 0.08446929
vt 0.02527235 0.0855905
vt 0.02494774 0.08587839
vt 0.08985166 0.03882851
vt 0.09024943 0.03865519
vt 0.09099031 0.04014757
vt 0.09059098 0.0403173
vt 0.0812062 0.1208297
vt 0.08160463 0.1210012
vt 0.08089501 0.1225097
vt 0.08049691 0.1223373
vt 0.1060369 0.06306043
vt 0.1061329 0.0634836
vt 0.1058618 0.06382238
vt 0.105428 0.06382175
vt 0.1051579 0.06348209
vt 0.1052551 0.06305923
vt 0.1056464 0.06287162
vt 0.004910604 0.121621
vt 0.005233312 0.1219111
vt 0.003893058 0.1231512
vt 0.003569023 0.1228626
vt -0.05906774 0.05306952
vt -0.05871622 0.05332384
vt -0.05993495 0.05467925
vt -0.06028838 0.05442757
vt -0.1058416 0.07490461
vt -0.1054077 0.07490386
vt -0.1054775 0.07672323
vt -0.1059114 0.07672603
vt -0.04066192 0.1378831
vt -0.04031574 0.1376215
vt -0.03913801 0.1390109
vt -0.03948459 0.139272
vt 0.02660992 0.08805672
vt 0.02693523 0.08776961
vt 0.02828522 0.08899663
vt 0.02795799 0.08928155
vt 0.09094297 0.04178474
vt 0.09134304 0.04161675
vt 0.09218428 0.04323879
vt 0.09178308 0.04340407
vt 0.08009364 0.1224769
vt 0.08049104 0.1226508
vt 0.0797434 0.1243189
vt 0.07934628 0.1241443
vt 0.1061762 0.06294919
vt 0.1062699 0.06337285
vt 0.105997 0.0637102
vt 0.1055632 0.06370727
vt 0.105295 0.06336619
vt 0.1053944 0.06294385
vt 0.1057866 0.06275831
vt 0.001401462 0.1247654
vt 0.001724286 0.1250553
vt 0.000537247 0.1263103
vt 0.000213061 0.1260219
vt -0.06435351 0.06313556
vt -0.06399521 0.06338026
vt -0.06509587 0.06470726
vt -0.06545606 0.06446538
vt -0.1059117 0.08104289
vt -0.1054778 0.0810401
vt -0.1056224 0.08275589
vt -0.1060563 0.08276087
vt -0.03972065 0.1391371
vt -0.03937376 0.1388765
vt -0.03836609 0.1402736
vt -0.03871338 0.1405337
vt 0.03183293 0.09441663
vt 0.03216142 0.09413317
vt 0.03337247 0.09536237
vt 0.03304201 0.09564354
vt 0.09365021 0.05298803
vt 0.09405515 0.05283215
vt 0.09483682 0.05437396
vt 0.09443078 0.05452696
vt 0.08068184 0.1237186
vt 0.08108116 0.1238881
vt 0.0805033 0.1255182
vt 0.0801043 0.1253479
vt 0.1064067 0.06296934
vt 0.106498 0.06339353
vt 0.1062232 0.06372931
vt 0.1057894 0.06372391
vt 0.1055231 0.06338131
vt 0.105625 0.06295954
vt 0.1060182 0.06277624
vt -0.003278388 0.1289276
vt -0.002956423 0.1292185
vt -0.004040893 0.1305666
vt -0.004365551 0.1302787
vt -0.07021123 0.07540737
vt -0.06984623 0.07564192
vt -0.07089768 0.07701022
vt -0.07126512 0.0767795
vt -0.106067 0.08750259
vt -0.1056331 0.0874979
vt -0.1058945 0.08920203
vt -0.1063283 0.08920831
vt -0.03833268 0.1407867
vt -0.03798588 0.140526
vt -0.03711858 0.1420189
vt -0.03746691 0.1422776
vt 0.03824773 0.1024785
vt 0.03857911 0.1021985
vt 0.03971598 0.1035043
vt 0.03938154 0.1037807
vt 0.0962856 0.06566647
vt 0.09669502 0.06552278
vt 0.09748653 0.06706642
vt 0.09707599 0.06720688
vt 0.08144243 0.1248696
vt 0.08184352 0.1250349
vt 0.08143891 0.1267212
vt 0.0810376 0.1265564
vt 0.1067447 0.06256489
vt 0.1068341 0.06298947
vt 0.1065579 0.06332405
vt 0.106124 0.06331675
vt 0.1058593 0.06297299
vt 0.1059629 0.06255168
vt 0.106357 0.06237009
vt 0.005182388 0.122052
vt 0.005512261 0.1223339
vt 0.00415695 0.1236004
vt 0.003825353 0.1233205
vt -0.06067113 0.05281074
vt -0.06031551 0.05305929
vt -0.06151036 0.0544741
vt -0.06186776 0.05422812
vt -0.106294 0.0810357
vt -0.1058602 0.08102854
vt -0.1058326 0.08287898
vt -0.1062664 0.08288736
vt -0.04082664 0.1401803
vt -0.0404742 0.1399272
vt -0.03926402 0.1413294
vt -0.03961739 0.1415812
vt 0.02703513 0.08730038
vt 0.02736605 0.08701977
vt 0.02871781 0.08829077
vt 0.0283848 0.0885689
vt 0.09323829 0.04476322
vt 0.09364147 0.04460285
vt 0.09441583 0.04629161
vt 0.09401177 0.04644975
vt 0.07952388 0.1270761
vt 0.07992286 0.1272465
vt 0.07911152 0.1289175
vt 0.07871246 0.1287474
vt 0.1068005 0.06210088
vt 0.1068884 0.06252575
vt 0.1066111 0.06285939
vt 0.1061773 0.06285061
vt 0.1059137 0.06250595
vt 0.1060188 0.06208499
vt 0.1064135 0.06190475
vt 0.004470577 0.1226984
vt 0.00480243 0.1229779
vt 0.00355733 0.1240734
vt 0.00322531 0.1237941
vt -0.06018062 0.05042856
vt -0.0598255 0.05067782
vt -0.0609206 0.05192023
vt -0.06127705 0.05167288
vt -0.1062425 0.08099869
vt -0.1058087 0.08098973
vt -0.1057558 0.08264239
vt -0.1061895 0.08265398
vt -0.03926561 0.1418189
vt -0.03891265 0.1415665
vt -0.03779147 0.1427805
vt -0.03814385 0.1430337
vt 0.02692232 0.08644754
vt 0.02725459 0.08616853
vt 0.02848952 0.08726878
vt 0.02815632 0.08754668
vt 0.09322359 0.04208034
vt 0.09362596 0.04191794
vt 0.09432936 0.04341792
vt 0.09392596 0.04357776
vt 0.07796095 0.1289823
vt 0.07835882 0.1291552
vt 0.07758515 0.1306224
vt 0.07718808 0.1304477
vt 0.1068956 0.06245818
vt 0.1069805 0.06288369
vt 0.1067007 0.0632153
vt 0.106267 0.06320338
vt 0.106006 0.06285682
vt 0.1061141 0.06243664
vt 0.1065101 0.06225926
vt -0.004912073 0.131159
vt -0.004584156 0.1314432
vt -0.005551771 0.1325104
vt -0.005880313 0.132227
vt -0.07020294 0.07234804
vt -0.06983568 0.07257905
vt -0.07074942 0.07369095
vt -0.07111745 0.07346116
vt -0.1062319 0.08924137
vt -0.1057982 0.08923068
vt -0.105957 0.09066026
vt -0.1063907 0.09067178
vt -0.03492027 0.1449891
vt -0.03457179 0.1447306
vt -0.03376385 0.1459212
vt -0.03411258 0.1461793
vt 0.03848345 0.1021089
vt 0.03882034 0.1018355
vt 0.03981695 0.1028751
vt 0.03947923 0.1031474
vt 0.09716527 0.06267035
vt 0.09757531 0.0625284
vt 0.09823879 0.06380797
vt 0.09782834 0.06394874
vt 0.07825031 0.130148
vt 0.07864904 0.1303189
vt 0.07821349 0.1316931
vt 0.07781485 0.131522
vt 0.1071272 0.06238783
vt 0.1072111 0.06281353
vt 0.1069305 0.06314449
vt 0.1064969 0.06313159
vt 0.1062366 0.06278442
vt 0.1063457 0.06236449
vt 0.1067421 0.06218802
vt -0.008465189 0.1343097
vt -0.008138345 0.1345951
vt -0.008848934 0.1355257
vt -0.009176919 0.1352417
vt -0.07517984 0.08355796
vt -0.07480802 0.08378158
vt -0.0755084 0.0847174
vt -0.07588127 0.08449554
vt -0.1064322 0.09546886
vt -0.1059985 0.09545814
vt -0.1061939 0.09660974
vt -0.1066276 0.09662131
vt -0.03455343 0.1459446
vt -0.03420416 0.1456871
vt -0.03364694 0.1467149
vt -0.03399683 0.1469715
vt 0.04385073 0.1090053
vt 0.04418895 0.1087335
vt 0.0449402 0.109632
vt 0.04460066 0.1099022
vt 0.09933759 0.07467603
vt 0.09975076 0.07454347
vt 0.1002849 0.07558753
vt 0.09987127 0.07571854
vt 0.07958393 0.1309242
vt 0.07998516 0.1310891
vt 0.07974435 0.1322368
vt 0.07934309 0.132072
vt 0.1073889 0.06226536
vt 0.1074718 0.06269126
vt 0.1071905 0.06302155
vt 0.1067568 0.06300757
vt 0.1064974 0.06265978
vt 0.1066075 0.06224011
vt 0.1070044 0.06206462
vt -0.001765485 0.1291053
vt -0.001433164 0.1293843
vt -0.002299113 0.1302928
vt -0.00263345 0.1300162
vt -0.06854013 0.0664111
vt -0.06817461 0.06664485
vt -0.06895513 0.06762339
vt -0.06932248 0.06739251
vt -0.1065657 0.09067498
vt -0.106132 0.09066229
vt -0.106179 0.09191203
vt -0.1066126 0.09192581
vt -0.03665413 0.1454007
vt -0.03630108 0.1451485
vt -0.0355517 0.1461523
vt -0.03590593 0.1464029
vt 0.03543679 0.09747513
vt 0.03577457 0.09720282
vt 0.03665022 0.09810366
vt 0.03631016 0.09837313
vt 0.09752215 0.05916425
vt 0.09793146 0.05902016
vt 0.09845956 0.06016279
vt 0.09804945 0.06030452
vt 0.07814098 0.1324817
vt 0.07854052 0.1326507
vt 0.07807978 0.1338216
vt 0.07768004 0.1336531
vt 0.1075302 0.06177748
vt 0.1076116 0.06220365
vt 0.1073292 0.06253301
vt 0.1068956 0.06251758
vt 0.1066373 0.06216893
vt 0.1067488 0.06174963
vt 0.1071462 0.06157546
vt 0.0007050592 0.126832
vt 0.001040828 0.1271068
vt 4.99419E-06 0.1279455
vt -0.0003323445 0.1276726
vt -0.06210227 0.05022423
vt -0.06174425 0.05046935
vt -0.06265935 0.05143594
vt -0.06301834 0.05119228
vt -0.1065055 0.08380704
vt -0.1060719 0.08379127
vt -0.1060139 0.08512135
vt -0.1064475 0.08513682
vt -0.03489908 0.1470633
vt -0.03454602 0.1468111
vt -0.03360178 0.1477526
vt -0.03395606 0.1480031
vt 0.02969695 0.08851819
vt 0.03003408 0.08824506
vt 0.03106482 0.08909462
vt 0.03072619 0.08936591
vt 0.09494717 0.04147859
vt 0.09535061 0.04131885
vt 0.09594383 0.04251651
vt 0.09554009 0.0426755
vt 0.07460572 0.1344449
vt 0.07500078 0.1346241
vt 0.07433502 0.1357815
vt 0.07393941 0.1356035
vt 0.1075207 0.06089209
vt 0.1076024 0.06131821
vt 0.1073201 0.06164772
vt 0.1068865 0.06163254
vt 0.106628 0.06128404
vt 0.1067394 0.06086466
vt 0.1071367 0.06069027
vt 0.001614938 0.1256668
vt 0.00195296 0.1259388
vt 0.001103598 0.1265825
vt 0.0007657817 0.1263102
vt -0.06037069 0.04518792
vt -0.06001559 0.04543722
vt -0.06075945 0.04619969
vt -0.06111484 0.04595078
vt -0.1064105 0.0831535
vt -0.105977 0.08313735
vt -0.1058922 0.08419827
vt -0.1063257 0.08421535
vt -0.03460167 0.1476223
vt -0.03424665 0.1473728
vt -0.03346348 0.1480925
vt -0.03381811 0.1483425
vt 0.02799276 0.08513845
vt 0.0283298 0.08486519
vt 0.02916763 0.08552058
vt 0.02883054 0.08579377
vt 0.09444037 0.03673648
vt 0.09484152 0.03657107
vt 0.09531082 0.03752653
vt 0.09490938 0.03769122
vt 0.07344812 0.1357013
vt 0.07384294 0.135881
vt 0.07326838 0.1367782
vt 0.07287394 0.1365977
vt 0.107533 0.06095656
vt 0.1076135 0.0613829
vt 0.1073304 0.06171166
vt 0.1068969 0.06169533
vt 0.1066393 0.06134614
vt 0.1067517 0.06092706
vt 0.1071495 0.06075373
vt -0.002949194 0.1300873
vt -0.002612775 0.1303613
vt -0.003165721 0.1309429
vt -0.00350263 0.1306694
vt -0.07018201 0.06739171
vt -0.06981429 0.06762199
vt -0.07030586 0.06825462
vt -0.07067428 0.06802545
vt -0.1064772 0.09456474
vt -0.1060436 0.09455021
vt -0.1060562 0.0953504
vt -0.1064898 0.09536581
vt -0.03549301 0.147269
vt -0.03513651 0.1470217
vt -0.03465451 0.1476608
vt -0.03501113 0.1479079
vt 0.03683608 0.09803028
vt 0.0371772 0.09776214
vt 0.03773236 0.0983405
vt 0.03739052 0.09860773
vt 0.09890141 0.06172503
vt 0.09931187 0.06158431
vt 0.09963452 0.06231951
vt 0.09922367 0.06245909
vt 0.07698489 0.1355835
vt 0.07738549 0.13575
vt 0.07708116 0.1364934
vt 0.07668069 0.1363266
vt 0.1076225 0.06094707
vt 0.1077019 0.06137361
vt 0.107418 0.06170164
vt 0.1069844 0.0616842
vt 0.1067278 0.06133436
vt 0.1068413 0.06091557
vt 0.1072395 0.06074325
vt -0.005515858 0.1326431
vt -0.005179871 0.1329176
vt -0.00576304 0.1336517
vt -0.006101114 0.1333798
vt -0.0748035 0.0787413
vt -0.07443056 0.07896302
vt -0.07496314 0.07973129
vt -0.07533749 0.07951196
vt -0.1065621 0.1002956
vt -0.1061285 0.1002813
vt -0.1061921 0.1012139
vt -0.1066257 0.1012283
vt -0.03589838 0.1473309
vt -0.0355408 0.1470852
vt -0.03505393 0.1478861
vt -0.03541297 0.1481297
vt 0.04148073 0.1047499
vt 0.04182383 0.1044842
vt 0.04242235 0.10521
vt 0.04207719 0.1054729
vt 0.1007241 0.07381376
vt 0.1011379 0.07368325
vt 0.1015045 0.07455128
vt 0.1010902 0.07468025
vt 0.07862262 0.1356312
vt 0.07902569 0.1357916
vt 0.07875469 0.1366926
vt 0.0783511 0.1365335
vt 0.1077315 0.06024484
vt 0.1078106 0.06067143
vt 0.1075264 0.06099924
vt 0.1070929 0.06098147
vt 0.1068365 0.06063144
vt 0.1069503 0.06021273
vt 0.1073487 0.06004072
vt 0.00159581 0.1255133
vt 0.001936757 0.1257817
vt 0.001013039 0.1264586
vt 0.0006718973 0.1261905
vt -0.06040914 0.04271378
vt -0.06005425 0.04296339
vt -0.0608532 0.04378155
vt -0.06120903 0.0435333
vt -0.1063244 0.0852219
vt -0.1058909 0.08520277
vt -0.1057618 0.08633725
vt -0.1061951 0.08635813
vt -0.03400787 0.1490798
vt -0.03365032 0.148834
vt -0.0327918 0.149586
vt -0.03314903 0.1498322
vt 0.02778506 0.08333728
vt 0.02812355 0.08306581
vt 0.02902991 0.08376112
vt 0.02869073 0.08403174
vt 0.0951619 0.03567815
vt 0.09556307 0.03551282
vt 0.09605174 0.03654743
vt 0.09564985 0.03671102
vt 0.07235239 0.1381833
vt 0.07274746 0.1383625
vt 0.07209922 0.1393069
vt 0.07170468 0.1391265
vt 0.1077676 0.06036713
vt 0.1078445 0.06079414
vt 0.1075585 0.06112044
vt 0.1071251 0.06110038
vt 0.1068706 0.060749
vt 0.1069866 0.06033089
vt 0.1073859 0.06016099
vt 0.09331925 0.02262766
vt 0.09292448 0.02280775
vt 0.09260843 0.02196065
vt 0.09300249 0.02177903
vt 0.01821182 0.0661913
vt 0.01788186 0.06647307
vt 0.01715282 0.0659399
vt 0.01748217 0.06565739
vt -0.03889102 0.1450056
vt -0.03925467 0.1452423
vt -0.0399861 0.1447115
vt -0.03962217 0.1444753
vt -0.105417 0.08516535
vt -0.1058502 0.08518943
vt -0.1060943 0.08431767
vt -0.105661 0.0842952
vt -0.05180721 0.02471113
vt -0.05214728 0.02444169
vt -0.05152375 0.02378337
vt -0.05118459 0.02405396
vt 0.01057781 0.1143908
vt 0.01023535 0.1141244
vt 0.01099488 0.1136287
vt 0.01133718 0.1138953
vt 0.07333232 0.1396258
vt 0.07293548 0.1394504
vt 0.07354592 0.1387812
vt 0.07394323 0.1389554
vt 0.1076781 0.06050535
vt 0.1077529 0.06093273
vt 0.1074653 0.06125761
vt 0.107032 0.0612354
vt 0.1067792 0.06088275
vt 0.1068973 0.06046523
vt 0.1072974 0.06029731
vt -0.107386 0.06016119
vt -0.1069867 0.0603311
vt -0.1068707 0.06074921
vt -0.1071252 0.06110058
vt -0.1075586 0.06112064
vt -0.1078446 0.06079434
vt -0.1077677 0.06036733
vt 0.004489464 0.1213292
vt 0.004831655 0.121596
vt 0.004156318 0.1221434
vt 0.003813157 0.1218779
vt -0.06159954 0.04341976
vt -0.06124313 0.04366717
vt -0.06179859 0.04433404
vt -0.06215583 0.04408782
vt -0.1060053 0.09160598
vt -0.105572 0.09158422
vt -0.1054278 0.09243979
vt -0.1058611 0.09246181
vt -0.03757944 0.1466358
vt -0.0372173 0.1463968
vt -0.03658319 0.1469907
vt -0.03694597 0.1472287
vt 0.02676686 0.08021119
vt 0.02710475 0.07993896
vt 0.02776014 0.08051175
vt 0.0274212 0.08078266
vt 0.09687577 0.04225243
vt 0.09728064 0.0420964
vt 0.09758096 0.04291437
vt 0.09717574 0.04306952
vt 0.07444476 0.1390851
vt 0.07484376 0.1392554
vt 0.0743535 0.1399752
vt 0.07395431 0.1398053
vt 0.1076069 0.06004621
vt 0.1076812 0.06047367
vt 0.1073932 0.06079825
vt 0.10696 0.06077559
vt 0.1067076 0.06042268
vt 0.1068261 0.06000528
vt 0.1072264 0.05983778
vt 0.005230557 0.1200914
vt 0.005573871 0.1203567
vt 0.004958321 0.1208464
vt 0.004614324 0.120582
vt -0.06092424 0.04110812
vt -0.06056898 0.04135719
vt -0.06106982 0.04196133
vt -0.06142615 0.04171381
vt -0.1058364 0.09212888
vt -0.1054031 0.09210651
vt -0.1052547 0.09287579
vt -0.1056879 0.09289946
vt -0.03784385 0.1465026
vt -0.03748026 0.1462659
vt -0.03690001 0.1467928
vt -0.03726378 0.1470293
vt 0.02582503 0.07806607
vt 0.02616272 0.07779359
vt 0.02675649 0.07830773
vt 0.02641776 0.0785789
vt 0.09684857 0.04089851
vt 0.09725299 0.04074127
vt 0.09751468 0.04148368
vt 0.09710964 0.0416393
vt 0.07415327 0.1397525
vt 0.07455274 0.1399218
vt 0.07409576 0.1405634
vt 0.0736965 0.1403936
vt 0.107588 0.05998394
vt 0.1076606 0.06041169
vt 0.1073714 0.0607351
vt 0.1069382 0.06071071
vt 0.1066872 0.06035678
vt 0.1068074 0.05993986
vt 0.1072084 0.05977397
vt -0.0005888921 0.1268052
vt -0.0002457348 0.1270707
vt -0.0009297495 0.127667
vt -0.001273524 0.1274023
vt -0.06654859 0.053584
vt -0.06618435 0.05381974
vt -0.06676086 0.05451903
vt -0.06712574 0.05428428
vt -0.1057353 0.09509682
vt -0.1053021 0.09507381
vt -0.1052081 0.09597473
vt -0.1056413 0.09599822
vt -0.03432537 0.1493153
vt -0.03396435 0.1490746
vt -0.0333351 0.149727
vt -0.03369645 0.1499672
vt 0.0325624 0.08851536
vt 0.03290556 0.08824982
vt 0.03357575 0.08886185
vt 0.03323184 0.08912642
vt 0.09864536 0.05106369
vt 0.09905413 0.05091814
vt 0.09938897 0.05176271
vt 0.09897989 0.0519074
vt 0.07334198 0.1404899
vt 0.07374074 0.1406608
vt 0.07327981 0.1414436
vt 0.07288103 0.1412728
vt 0.1075848 0.05972282
vt 0.1076567 0.06015068
vt 0.1073669 0.06047363
vt 0.1069338 0.06044852
vt 0.1066834 0.06009419
vt 0.1068043 0.05967746
vt 0.1072055 0.05951222
vt 0.00651725 0.1178061
vt 0.00686198 0.1180695
vt 0.006227502 0.1185338
vt 0.005882601 0.1182706
vt -0.05848547 0.03427492
vt -0.05813444 0.03452991
vt -0.0586471 0.03512434
vt -0.05899886 0.03487036
vt -0.105476 0.09165362
vt -0.1050429 0.09162789
vt -0.1048571 0.09238921
vt -0.1052901 0.09241624
vt -0.03761824 0.1468689
vt -0.0372533 0.1466342
vt -0.03664769 0.1471311
vt -0.03701243 0.147366
vt 0.02345148 0.07301886
vt 0.02378782 0.07274472
vt 0.02439663 0.07323897
vt 0.02405974 0.07351242
vt 0.096233 0.0349615
vt 0.09663522 0.03479874
vt 0.0968909 0.03554155
vt 0.09648814 0.035703
vt 0.07278503 0.1413033
vt 0.07318369 0.1414745
vt 0.07269054 0.1420871
vt 0.07229226 0.1419151
vt 0.1075405 0.05983474
vt 0.1076106 0.0602629
vt 0.1073196 0.06058465
vt 0.1068865 0.06055777
vt 0.1066376 0.06020242
vt 0.1067602 0.0597862
vt 0.1071621 0.0596226
vt 0.0008992795 0.1245496
vt 0.001243774 0.1248134
vt 0.0006636129 0.1253838
vt 0.0003194629 0.1251197
vt -0.06872182 0.05752438
vt -0.06835462 0.05775549
vt -0.06882253 0.05841935
vt -0.06919049 0.05818948
vt -0.1055545 0.1010213
vt -0.1051212 0.1009977
vt -0.1050166 0.1018007
vt -0.1054497 0.1018267
vt -0.03695425 0.147411
vt -0.03658957 0.147176
vt -0.0360569 0.1477839
vt -0.03642076 0.1480203
vt 0.03302806 0.08823039
vt 0.03337201 0.08796586
vt 0.03393101 0.0885504
vt 0.03358675 0.08881451
vt 0.1001292 0.05905801
vt 0.1005409 0.05892109
vt 0.1007871 0.05969375
vt 0.1003747 0.05982866
vt 0.07514281 0.1410589
vt 0.07554485 0.1412219
vt 0.07514951 0.1419324
vt 0.07474829 0.1417674
vt 0.1076308 0.06053357
vt 0.1076979 0.06096221
vt 0.1074046 0.0612819
vt 0.1069718 0.06125196
vt 0.1067253 0.06089485
vt 0.1068509 0.06047951
vt 0.1072539 0.06031876
vt -0.009805171 0.1362016
vt -0.00946408 0.1364698
vt -0.01005046 0.1371895
vt -0.01039263 0.1369227
vt -0.07782921 0.0820396
vt -0.07745057 0.08225143
vt -0.07797979 0.08301166
vt -0.07835943 0.08280163
vt -0.1056049 0.1066896
vt -0.1051717 0.1066654
vt -0.1052174 0.1075898
vt -0.1056505 0.1076148
vt -0.03127079 0.1519145
vt -0.03091176 0.1516708
vt -0.03041683 0.1524541
vt -0.03077644 0.1526968
vt 0.04519593 0.1078576
vt 0.04554561 0.1076008
vt 0.04614211 0.1083125
vt 0.04579117 0.1085677
vt 0.1025095 0.07847559
vt 0.1029266 0.07835571
vt 0.1032821 0.0792153
vt 0.1028647 0.07933365
vt 0.07478726 0.141757
vt 0.07518853 0.1419219
vt 0.07490141 0.1428065
vt 0.07450009 0.1426418
vt 0.1077882 0.06034663
vt 0.1078541 0.06077547
vt 0.1075598 0.06109431
vt 0.1071271 0.06106315
vt 0.1068817 0.06070534
vt 0.1070084 0.06029036
vt 0.1074119 0.06013075
vt -0.008121924 0.1347127
vt -0.007778816 0.1349782
vt -0.008401692 0.1356828
vt -0.008746093 0.1354189
vt -0.07609175 0.07624732
vt -0.07571457 0.07646173
vt -0.07626082 0.07722504
vt -0.07663888 0.07701217
vt -0.1055791 0.1056996
vt -0.105146 0.1056738
vt -0.1051508 0.1066124
vt -0.1055839 0.1066383
vt -0.03151604 0.1522205
vt -0.03115568 0.1519788
vt -0.03061368 0.1527471
vt -0.03097496 0.1529874
vt 0.04289433 0.1039737
vt 0.04324434 0.1037172
vt 0.0438701 0.1044219
vt 0.04351882 0.1046766
vt 0.1022761 0.07360416
vt 0.1026924 0.07348164
vt 0.1030419 0.07435792
vt 0.1026253 0.07447946
vt 0.07400619 0.1428151
vt 0.07440689 0.1429814
vt 0.07406542 0.1438599
vt 0.07366439 0.1436944
vt 0.1078686 0.05981963
vt 0.1079342 0.06024849
vt 0.1076397 0.06056714
vt 0.107207 0.06053567
vt 0.1069619 0.06017769
vt 0.1070889 0.0597628
vt 0.1074925 0.05960348
vt 0.002738455 0.1219018
vt 0.003085306 0.1221624
vt 0.002430973 0.1226065
vt 0.002083399 0.1223469
vt -0.06002899 0.0341549
vt -0.05967541 0.03440635
vt -0.06021488 0.03498136
vt -0.06056983 0.03473186
vt -0.1049335 0.09277703
vt -0.104501 0.09274338
vt -0.1043177 0.09350841
vt -0.1047501 0.09354385
vt -0.03334963 0.1512704
vt -0.0329861 0.1510336
vt -0.03236256 0.1515134
vt -0.03272616 0.1517501
vt 0.02619829 0.07518739
vt 0.02653841 0.07491797
vt 0.02716976 0.07539073
vt 0.0268284 0.07565857
vt 0.09711745 0.03365438
vt 0.09752057 0.03349386
vt 0.09780435 0.03423224
vt 0.09740039 0.03439062
vt 0.06928901 0.1447869
vt 0.06968411 0.1449661
vt 0.06917501 0.1455728
vt 0.0687803 0.1453927
vt 0.1078899 0.05986056
vt 0.1079529 0.06028982
vt 0.1076565 0.06060667
vt 0.107224 0.06057256
vt 0.106981 0.06021309
vt 0.1071105 0.05979897
vt 0.1075151 0.05964212
vt -0.00523461 0.1313584
vt -0.004888147 0.1316196
vt -0.005631997 0.1323182
vt -0.005979516 0.1320585
vt -0.07193138 0.06266271
vt -0.07155857 0.06288464
vt -0.07218523 0.06368701
vt -0.07255928 0.06346719
vt -0.1051803 0.1027002
vt -0.1047475 0.1026698
vt -0.1046628 0.103683
vt -0.1050955 0.1037147
vt -0.03119224 0.1528951
vt -0.03083007 0.1526562
vt -0.03015424 0.1534169
vt -0.03051687 0.1536552
vt 0.03816396 0.09505469
vt 0.03851368 0.09479785
vt 0.03924412 0.09550964
vt 0.03889303 0.09576458
vt 0.1013757 0.06152643
vt 0.1017896 0.06139644
vt 0.1021557 0.06235059
vt 0.1017412 0.06247858
vt 0.07163107 0.1447832
vt 0.07202974 0.1449543
vt 0.07154708 0.1458554
vt 0.07114852 0.1456841
vt 0.1079846 0.05968408
vt 0.1080456 0.06011362
vt 0.1077478 0.06042911
vt 0.1073154 0.06039305
vt 0.1070741 0.06003248
vt 0.1072055 0.05961896
vt 0.1076108 0.05946394
vt -0.01235751 0.1389305
vt -0.01201224 0.1391932
vt -0.01259412 0.1399625
vt -0.01294012 0.1397007
vt -0.08093252 0.08833944
vt -0.08054867 0.08854169
vt -0.08107758 0.08934577
vt -0.08146242 0.08914543
vt -0.1054759 0.1121032
vt -0.1050429 0.1120755
vt -0.105101 0.1130347
vt -0.1055338 0.1130639
vt -0.02991327 0.1540887
vt -0.02955122 0.1538496
vt -0.02906833 0.1546807
vt -0.02943055 0.1549196
vt 0.04851875 0.1121276
vt 0.04887369 0.1118781
vt 0.04946798 0.112636
vt 0.04911198 0.112884
vt 0.1040638 0.08570071
vt 0.1044834 0.08559026
vt 0.1048411 0.08648663
vt 0.104421 0.08659513
vt 0.07421135 0.1446653
vt 0.07461374 0.1448275
vt 0.07434423 0.1457548
vt 0.07394208 0.1455921
vt 0.1082082 0.05985348
vt 0.1082671 0.06028331
vt 0.1079677 0.06059732
vt 0.1075355 0.06055911
vt 0.1072959 0.06019733
vt 0.1074294 0.05978448
vt 0.1078354 0.05963147
vt -0.02115605 0.1468377
vt -0.02081473 0.1471055
vt -0.02131266 0.147916
vt -0.02165457 0.147649
vt -0.08688785 0.1059641
vt -0.08649879 0.1061561
vt -0.08702025 0.1069492
vt -0.08741023 0.1067591
vt -0.1057282 0.116933
vt -0.1052952 0.1169056
vt -0.1054914 0.1178325
vt -0.1059243 0.1178616
vt -0.02539937 0.15742
vt -0.02504129 0.157175
vt -0.02468349 0.1580524
vt -0.0250416 0.1582974
vt 0.05763669 0.1257519
vt 0.0579932 0.1255046
vt 0.05853788 0.126282
vt 0.05818041 0.1265279
vt 0.1054995 0.09994166
vt 0.1059216 0.09984092
vt 0.1063373 0.1006965
vt 0.1059148 0.1007952
vt 0.07442503 0.1453869
vt 0.07482774 0.1455483
vt 0.07472026 0.1464944
vt 0.07431792 0.1463321
vt 0.1085735 0.06024415
vt 0.10863 0.06067433
vt 0.1083287 0.0609866
vt 0.1078968 0.06094591
vt 0.1076593 0.06058277
vt 0.1077952 0.06017069
vt 0.1082021 0.06002002
vt -0.01722328 0.1440796
vt -0.0168786 0.1443432
vt -0.01735045 0.1449988
vt -0.01769429 0.1447342
vt -0.08400168 0.09650122
vt -0.08361409 0.09669615
vt -0.08406703 0.0973618
vt -0.08445584 0.09716928
vt -0.1057621 0.1148532
vt -0.1053294 0.1148227
vt -0.1054289 0.1156169
vt -0.1058613 0.1156522
vt -0.02646707 0.1574374
vt -0.02610746 0.1571946
vt -0.02573683 0.1579005
vt -0.02609464 0.1581459
vt 0.05322218 0.1194931
vt 0.05357971 0.1192473
vt 0.05406868 0.1198779
vt 0.05371074 0.1201231
vt 0.1051969 0.0919074
vt 0.1056182 0.09180361
vt 0.1059474 0.092535
vt 0.1055251 0.09263474
vt 0.07330699 0.1467555
vt 0.07370815 0.1469207
vt 0.0735301 0.1477072
vt 0.07313065 0.147538
vt 0.1090117 0.06205052
vt 0.1090618 0.06248149
vt 0.1087561 0.0627893
vt 0.1083248 0.06274225
vt 0.1080927 0.06237566
vt 0.1082346 0.06196563
vt 0.1086436 0.06182095
vt -0.02013965 0.1467039
vt -0.01979726 0.1469704
vt -0.02030206 0.1479359
vt -0.02064411 0.1476689
vt -0.08855893 0.110085
vt -0.08816741 0.1102719
vt -0.08870351 0.1112188
vt -0.08909562 0.1110331
vt -0.1062358 0.1211393
vt -0.1058032 0.1211071
vt -0.1060141 0.1221723
vt -0.1064465 0.1222068
vt -0.02824882 0.1567411
vt -0.02788883 0.1564989
vt -0.02754086 0.157526
vt -0.02790002 0.1577694
vt 0.05860429 0.1272504
vt 0.05896217 0.1270051
vt 0.05952006 0.1279355
vt 0.05916193 0.1281804
vt 0.1064924 0.1059079
vt 0.1069162 0.105815
vt 0.1073428 0.1068147
vt 0.1069185 0.1069056
vt 0.07661504 0.1458133
vt 0.07701842 0.1459729
vt 0.07693134 0.1470583
vt 0.07652876 0.1468967
vt 0.1094147 0.06308346
vt 0.1094617 0.06351478
vt 0.1091537 0.06382038
vt 0.1087228 0.06377021
vt 0.1084933 0.06340195
vt 0.1086382 0.06299296
vt 0.1090483 0.06285124
vt -0.006843603 0.1339749
vt -0.00649569 0.1342341
vt -0.006789629 0.1349109
vt -0.007137816 0.134652
vt -0.08639998 0.1029962
vt -0.08600949 0.1031853
vt -0.08625178 0.1038785
vt -0.08664379 0.1036926
vt -0.1067 0.124605
vt -0.1062674 0.1245723
vt -0.1062763 0.1253027
vt -0.1067086 0.1253393
vt -0.0405027 0.1467331
vt -0.04013365 0.1465049
vt -0.03989918 0.1471952
vt -0.04026749 0.1474246
vt 0.05052971 0.1151946
vt 0.05088732 0.1149489
vt 0.05117813 0.1156199
vt 0.05081927 0.1158637
vt 0.1068731 0.1068233
vt 0.1072973 0.1067321
vt 0.1074409 0.1074533
vt 0.1070159 0.1075405
vt 0.08164784 0.1424604
vt 0.08205505 0.14261
vt 0.08192274 0.1433363
vt 0.08151658 0.1431839
vt 0.1096738 0.06443539
vt 0.1097152 0.06486727
vt 0.1094033 0.06516889
vt 0.108973 0.0651132
vt 0.1087483 0.06474201
vt 0.1088984 0.06433492
vt 0.1093103 0.06419848
vt 0.1043236 0.06035401
vt 0.1023018 0.0638143
vt 0.1016469 0.06368854
vt 0.1036774 0.06018918
vt 0.1104094 0.02093043
vt 0.1033086 0.03782441
vt 0.1097527 0.02081447
vt -0.01224922 0.1221805
vt -0.01491909 0.1211805
vt -0.01472512 0.1205444
vt -0.01208745 0.1215354
vt -0.108367 0.05146977
vt -0.1157142 0.03377781
vt -0.1150523 0.03369644
vt -0.1077917 0.05113264
vt -0.1163193 0.02740018
vt -0.1185262 0.02484304
vt -0.117942 0.02452155
vt -0.1156871 0.0271882
vt -0.03033487 -0.008392492
vt -0.02724572 0.01051369
vt -0.03006194 0.0109602
vt 0.02988063 0.01081695
vt 0.02711416 0.01027995
vt 0.03017088 -0.008358573
vt 0.0472708 -0.02684936
vt 0.05051058 -0.02815315
vt 0.0524832 -0.02462082
vt -0.05360526 -0.0254358
vt -0.05167861 -0.02894996
vt -0.04853658 -0.0277101
vt 0.03799126 -0.007248978
vt 0.0432875 -0.005227759
vt 0.037198 0.01191233
vt -0.03754338 0.01207347
vt -0.04349411 -0.005213606
vt -0.03833124 -0.007265105
vt 0.1177801 0.03499813
vt 0.1099134 0.05150172
vt 0.1092988 0.05124297
vt 0.1099787 0.05396547
vt 0.1079829 0.05744082
vt 0.1073271 0.05731999
vt 0.1093313 0.05380549
vt 0.1141664 0.02313183
vt 0.1066882 0.03986219
vt 0.1135124 0.02300116
vt -0.0503774 0.1125848
vt -0.0527049 0.1109383
vt -0.05235544 0.1103725
vt -0.0500568 0.1120021
vt -0.1089275 0.0548775
vt -0.1171223 0.03756184
vt -0.1164652 0.03744852
vt -0.1083693 0.05451292
vt -0.1017531 0.06728886
vt -0.1046305 0.06551954
vt -0.1041709 0.06503632
vt -0.1012147 0.0668955
vt -0.02530713 -0.008168848
vt -0.0189167 0.009890747
vt -0.02160924 0.01082922
vt 0.02145174 0.01065668
vt 0.01882426 0.009637799
vt 0.02513647 -0.008163722
vt 0.04652486 -0.02326068
vt 0.0499572 -0.02390493
vt 0.05120007 -0.02005474
vt -0.05253695 -0.02063631
vt -0.05133864 -0.02446062
vt -0.0480142 -0.02386255
vt 0.03295313 -0.005777302
vt 0.03780486 -0.002845367
vt 0.02876081 0.01293658
vt -0.02908254 0.01315425
vt -0.03801521 -0.002797604
vt -0.03329992 -0.005735292
vt 0.1173855 0.04216348
vt 0.1083945 0.05808255
vt 0.1077993 0.05778184
vt 0.1099102 0.05450117
vt 0.1079062 0.05817311
vt 0.1072191 0.05806187
vt 0.109231 0.05434889
vt 0.1137882 0.02090875
vt 0.1059434 0.03835458
vt 0.1131059 0.02077083
vt -0.06463447 0.1064434
vt -0.06673133 0.1043318
vt -0.06627022 0.1038129
vt -0.0642 0.105902
vt -0.1077644 0.05748509
vt -0.1168044 0.03964906
vt -0.116122 0.03951225
vt -0.1071922 0.0570889
vt -0.06705417 0.1029407
vt -0.07056387 0.1026044
vt -0.07035522 0.1019404
vt -0.06673026 0.1023246
vt -0.03212474 -0.002609113
vt -0.02270793 0.01503088
vt -0.02534014 0.01642011
vt 0.02520662 0.01622527
vt 0.02265424 0.01476301
vt 0.03195149 -0.002622058
vt 0.05516673 -0.01335907
vt 0.05881055 -0.0134615
vt 0.05946171 -0.009288946
vt -0.06085129 -0.009622673
vt -0.06024184 -0.01376127
vt -0.0567168 -0.0136888
vt 0.03925633 0.0009867157
vt 0.04381206 0.004762706
vt 0.03203837 0.01965798
vt -0.03232875 0.01992225
vt -0.04401188 0.004832956
vt -0.03959744 0.001072631
vt 0.1168085 0.0462038
vt 0.1066425 0.06235416
vt 0.1060369 0.06201102
vt 0.110857 0.05666719
vt 0.1086384 0.06044919
vt 0.1079222 0.06031036
vt 0.1101504 0.05648563
vt 0.1149166 0.02699186
vt 0.1057407 0.04481873
vt 0.1142101 0.02680977
vt -0.06884091 0.1054342
vt -0.07100601 0.1031888
vt -0.07051475 0.1026521
vt -0.06837722 0.1048735
vt -0.1061343 0.06397665
vt -0.1166184 0.04582786
vt -0.1159119 0.04564554
vt -0.1055582 0.06352918
vt -0.03380072 0.1201159
vt -0.03742661 0.1208304
vt -0.0374161 0.1201009
vt -0.03366008 0.1194001
vt -0.03115394 -0.002634647
vt -0.02011917 0.01518464
vt -0.0227792 0.01681456
vt 0.02265361 0.01660812
vt 0.02008202 0.01490712
vt 0.03097492 -0.002653345
vt 0.05555017 -0.01153291
vt 0.05936671 -0.01135148
vt 0.05971694 -0.006938882
vt -0.06117181 -0.007156506
vt -0.0608646 -0.01153046
vt -0.05717468 -0.01173558
vt 0.03819729 0.001504524
vt 0.04270202 0.005767674
vt 0.02936179 0.02053561
vt -0.02964306 0.02082395
vt -0.04290206 0.005846962
vt -0.03854405 0.001609894
vt 0.1154914 0.05386012
vt 0.1037665 0.07006621
vt 0.1031562 0.06966637
vt 0.1090932 0.061866
vt 0.1067891 0.06594041
vt 0.1060222 0.06580435
vt 0.1083359 0.06168416
vt 0.1138233 0.02497752
vt 0.1042847 0.04413813
vt 0.1130665 0.02479331
vt -0.06723276 0.1098078
vt -0.06944309 0.1073174
vt -0.06889545 0.1067666
vt -0.06671347 0.1092302
vt -0.1056051 0.06633644
vt -0.1166915 0.04690172
vt -0.1159364 0.04671119
vt -0.1049875 0.0658621
vt -0.02512936 0.1231955
vt -0.02887072 0.124447
vt -0.02895921 0.1236732
vt -0.02507821 0.1224183
vt -0.03796382 0.004698795
vt -0.02559699 0.02334492
vt -0.02838102 0.02517253
vt 0.02825781 0.02495887
vt 0.02557055 0.02305829
vt 0.03777791 0.004683931
vt 0.06185862 -0.002887029
vt 0.06592569 -0.002577367
vt 0.06616522 0.002141904
vt -0.06758116 0.001976196
vt -0.06738516 -0.002700477
vt -0.06345386 -0.003030568
vt 0.04470245 0.009177448
vt 0.04937378 0.01386952
vt 0.03467003 0.02920383
vt -0.03494631 0.029506
vt -0.04956925 0.01394533
vt -0.04505342 0.009285967
vt 0.116432 0.05485263
vt 0.1039187 0.07215532
vt 0.1032671 0.0717286
vt 0.1080851 0.06690316
vt 0.1056928 0.07123189
vt 0.1048811 0.07109607
vt 0.107283 0.06671886
vt 0.1137897 0.02210416
vt 0.1037507 0.04236936
vt 0.1129897 0.02191107
vt -0.06621692 0.1151015
vt -0.06843322 0.112369
vt -0.0678293 0.1118133
vt -0.06564165 0.1145162
vt -0.1059723 0.0680651
vt -0.1178372 0.04761669
vt -0.1170408 0.04740951
vt -0.1053233 0.06755912
vt -0.008408302 0.1282572
vt -0.01201484 0.1303475
vt -0.01227084 0.1295654
vt -0.008520486 0.1274419
vt -0.04626231 0.01173112
vt -0.03226518 0.03078354
vt -0.03511084 0.03285352
vt 0.03499353 0.03263039
vt 0.03225378 0.03048821
vt 0.04606944 0.01171499
vt 0.06990975 0.006119268
vt 0.07418691 0.006648573
vt 0.07420479 0.01164145
vt -0.07559077 0.01156894
vt -0.07561573 0.006623183
vt -0.07148276 0.0060799
vt 0.05267698 0.01669747
vt 0.05737566 0.02188055
vt 0.04109887 0.03733911
vt -0.04136566 0.03766046
vt -0.05756751 0.02195813
vt -0.05303108 0.0168175
vt 0.1183782 0.05595847
vt 0.1048693 0.07402984
vt 0.104188 0.07356814
vt 0.1053586 0.06797943
vt 0.1029391 0.07237223
vt 0.1021158 0.07223567
vt 0.104545 0.06779371
vt 0.1137471 0.01323535
vt 0.1028491 0.03341241
vt 0.1129433 0.01301107
vt -0.06508866 0.118922
vt -0.06710064 0.1159758
vt -0.06644402 0.1154646
vt -0.06445853 0.1183784
vt -0.1058609 0.06463455
vt -0.1189961 0.04458119
vt -0.1182011 0.04432772
vt -0.1052316 0.06408663
vt 0.03039695 0.1302002
vt 0.0279222 0.1336269
vt 0.02736179 0.1330087
vt 0.02995598 0.1294918
vt -0.06115498 0.02037015
vt -0.04448574 0.03759826
vt -0.04706174 0.04006725
vt 0.04697201 0.03983459
vt 0.04451251 0.03730734
vt 0.06096267 0.0203363
vt 0.08400083 0.0201371
vt 0.08822428 0.02125975
vt 0.08755241 0.02627778
vt -0.08884739 0.02646742
vt -0.08955406 0.02150241
vt -0.08547699 0.02038705
vt 0.06667493 0.0262997
vt 0.07069994 0.03214102
vt 0.05226144 0.04548753
vt -0.0524847 0.04583839
vt -0.0708791 0.03223467
vt -0.06701078 0.02645828
vt 0.1202209 0.05564646
vt 0.1050834 0.07280079
vt 0.1044328 0.07227821
vt 0.1042682 0.07182164
vt 0.1016787 0.07624276
vt 0.1008416 0.07608111
vt 0.1034423 0.07161004
vt 0.1154584 0.0149738
vt 0.103065 0.03485601
vt 0.1146531 0.01469408
vt -0.06180908 0.1246326
vt -0.06386976 0.1216262
vt -0.0631998 0.1211027
vt -0.06116626 0.1240761
vt -0.1057717 0.06749716
vt -0.1203107 0.04778817
vt -0.1195141 0.04748442
vt -0.1051609 0.06690247
vt 0.03166688 0.1349918
vt 0.02931079 0.1386108
vt 0.02870836 0.1380076
vt 0.03118189 0.1342906
vt -0.06799643 0.02481411
vt -0.05005058 0.04148065
vt -0.05254389 0.04414004
vt 0.05246384 0.04390144
vt 0.05009264 0.04118888
vt 0.06780146 0.02477321
vt 0.0904675 0.02727285
vt 0.09470544 0.02867776
vt 0.09371131 0.03375375
vt -0.0949674 0.03408277
vt -0.0959947 0.02906318
vt -0.09190587 0.02767394
vt 0.07317657 0.03127139
vt 0.07696096 0.03745223
vt 0.05741543 0.05005218
vt -0.05762248 0.05041977
vt -0.07713696 0.03755463
vt -0.07350872 0.03144874
vt 0.121469 0.0603517
vt 0.1048753 0.07681309
vt 0.1042475 0.07623628
vt 0.1041102 0.07201008
vt 0.1013233 0.07686572
vt 0.1004071 0.07669714
vt 0.1032057 0.07178682
vt 0.1175383 0.008895844
vt 0.1034787 0.03028981
vt 0.1166659 0.008569167
vt -0.06217046 0.1293281
vt -0.06424668 0.1259294
vt -0.06348564 0.1253966
vt -0.06143711 0.1287578
vt -0.1064288 0.06699542
vt -0.1230642 0.04603254
vt -0.1222061 0.04567017
vt -0.1057847 0.0663225
vt 0.04501601 0.1379272
vt 0.04310009 0.1422395
vt 0.04234577 0.1416929
vt 0.04437145 0.1372547
vt -0.0775173 0.03378358
vt -0.05640139 0.05022435
vt -0.05886332 0.05335575
vt 0.05879517 0.05310864
vt 0.0564714 0.04993083
vt 0.07730641 0.03374184
vt 0.09896161 0.0391093
vt 0.1034508 0.04101931
vt 0.101913 0.04645795
vt -0.1031157 0.04688468
vt -0.1046818 0.04150962
vt -0.1003527 0.03963229
vt 0.08207765 0.04068809
vt 0.08562878 0.0477664
vt 0.06318689 0.05968488
vt -0.06337433 0.06007412
vt -0.08580571 0.04786197
vt -0.08241705 0.04087996
vt 0.1245099 0.06165655
vt 0.1053711 0.07856838
vt 0.1047226 0.07789961
vt 0.1022914 0.0739861
vt 0.09926716 0.07904933
vt 0.09830526 0.07885499
vt 0.1013429 0.07373438
vt 0.1199906 0.008362808
vt 0.103594 0.02977359
vt 0.1190988 0.007953329
vt -0.05809463 0.135841
vt -0.06023588 0.1322331
vt -0.05942706 0.1316821
vt -0.0573145 0.1352501
vt -0.1062612 0.06829324
vt -0.125114 0.04733329
vt -0.1242353 0.04689654
vt -0.1056277 0.06754388
vt 0.04462234 0.1453759
vt 0.04282341 0.1500097
vt 0.04200219 0.1494725
vt 0.04391028 0.1447007
vt -0.08675455 0.0420661
vt -0.06337485 0.05781852
vt -0.06573592 0.06128735
vt 0.06567824 0.06103625
vt 0.06346588 0.05752852
vt 0.08653288 0.04202148
vt 0.1067869 0.05033351
vt 0.1113624 0.0526736
vt 0.109343 0.05827449
vt -0.1104686 0.05881825
vt -0.1125124 0.05328603
vt -0.1081023 0.05099268
vt 0.09074725 0.04937316
vt 0.09397423 0.05706598
vt 0.06953696 0.06799038
vt -0.06970464 0.06839463
vt -0.09415124 0.05715954
vt -0.09108774 0.04957968
vt 0.1266182 0.06572334
vt 0.1051171 0.08189637
vt 0.1044915 0.08114026
vt 0.1014647 0.07641818
vt 0.09835099 0.08164094
vt 0.09735911 0.08144139
vt 0.1004865 0.07615948
vt 0.1219726 0.0055468
vt 0.1045561 0.02721976
vt 0.1210633 0.005103235
vt -0.05579387 0.1423847
vt -0.05793954 0.1386289
vt -0.05709634 0.1380748
vt -0.05497958 0.1417889
vt -0.1075591 0.06825867
vt -0.1274739 0.04708847
vt -0.1265782 0.04661807
vt -0.1069234 0.06747169
vt 0.04507583 0.151806
vt 0.04341017 0.1566527
vt 0.04254241 0.1561325
vt 0.04431493 0.1511393
vt -0.09368616 0.05008971
vt -0.0690211 0.06546544
vt -0.07132701 0.06912586
vt 0.07127424 0.06887226
vt 0.06912304 0.06517716
vt 0.0934573 0.05004334
vt 0.1127208 0.05972466
vt 0.1173554 0.06229275
vt 0.1150826 0.06799484
vt -0.1161581 0.06858449
vt -0.1184524 0.06295351
vt -0.1139862 0.06044019
vt 0.09735896 0.05758298
vt 0.1004107 0.06562416
vt 0.07484297 0.07601249
vt -0.07500082 0.07642457
vt -0.1005889 0.06571554
vt -0.09770123 0.05779668
vt 0.1295497 0.06725664
vt 0.1068429 0.08318873
vt 0.106224 0.0823883
vt -0.1019108 0.05578379
vt -0.1034135 0.05206852
vt -0.1029137 0.05162709
vt -0.1013854 0.05537315
vt -0.04676825 0.1078413
vt -0.06412795 0.1019703
vt -0.04669968 0.107178
vt 0.09969308 0.06465912
vt 0.0984789 0.06723861
vt 0.09786072 0.06699345
vt 0.09906336 0.06444532
vt 0.09623504 0.07064882
vt 0.08112703 0.08242738
vt 0.08087292 0.08181087
vt 0.09575732 0.07018362
vt -0.06451236 0.09612939
vt -0.06734255 0.09428561
vt -0.06687059 0.09381454
vt -0.06396384 0.09575019
vt -0.01885851 0.01374273
vt -0.03694952 0.007441759
vt -0.03599894 0.00475347
vt 0.03597376 0.00496738
vt 0.03682071 0.007655212
vt 0.01897958 0.01385459
vt -0.006701248 0.01178131
vt -0.009751258 0.0100803
vt -0.008242933 0.006326157
vt 0.009783379 0.006308152
vt 0.01126471 0.01003199
vt 0.008307336 0.01166401
vt 0.01558665 0.006920369
vt 0.01460505 0.001337184
vt 0.03244206 -0.002227321
vt -0.03237153 -0.002603339
vt -0.01448289 0.001171655
vt -0.01537499 0.006655093
vt -0.06871639 0.09276656
vt -0.08461316 0.08373623
vt -0.08431099 0.08314176
vt -0.09908928 0.06226457
vt -0.1005081 0.05851646
vt -0.09999843 0.05808638
vt -0.09855475 0.06186586
vt -0.07376394 0.09396686
vt -0.08884225 0.08355183
vt -0.07351575 0.09334791
vt 0.09263127 0.07730407
vt 0.09131975 0.07983546
vt 0.09071136 0.07956694
vt 0.09201013 0.07706644
vt 0.1067014 0.05087827
vt 0.09452797 0.06566997
vt 0.09414547 0.06512377
vt 0.1061337 0.05052854
vt -0.04013268 0.1122193
vt -0.04327162 0.1109717
vt -0.04290215 0.1104166
vt -0.03966999 0.1117391
vt -0.02333225 0.01976335
vt -0.03958968 0.009630093
vt -0.03806999 0.007217413
vt 0.03809395 0.007436977
vt 0.03951212 0.009872252
vt 0.02347461 0.01984907
vt -0.001121499 0.02322158
vt -0.004464793 0.02221242
vt -0.003794489 0.01822251
vt 0.005261921 0.01851544
vt 0.005914595 0.0224696
vt 0.0026771 0.02343303
vt 0.01885873 0.01365494
vt 0.01663893 0.008438803
vt 0.03320631 0.000929697
vt -0.03305286 0.00056805
vt -0.01648496 0.008298466
vt -0.01859643 0.01343711
vt -0.0926989 0.06685884
vt -0.104823 0.05317451
vt -0.1043449 0.05270963
vt -0.09635192 0.06761707
vt -0.09759343 0.06363071
vt -0.09703662 0.06321526
vt -0.09577116 0.06723578
vt -0.08087544 0.08873954
vt -0.09529385 0.0762253
vt -0.08054744 0.08812711
vt 0.08992781 0.08277608
vt 0.08869965 0.08548045
vt 0.0880522 0.08523385
vt 0.08926877 0.08256233
vt 0.1072406 0.04176227
vt 0.09642624 0.05853621
vt 0.0959646 0.05801711
vt 0.106611 0.04146879
vt -0.03348642 0.1174143
vt -0.03677231 0.1161547
vt -0.03639452 0.1155718
vt -0.03301057 0.1169081
vt -0.02626122 0.03204902
vt -0.04258224 0.02056251
vt -0.04086108 0.01814132
vt 0.04089992 0.01836124
vt 0.04251669 0.02081192
vt 0.02641482 0.03212218
vt 0.00314718 0.03656233
vt -0.0003739896 0.03564663
vt 0.0001628707 0.03146598
vt 0.001245653 0.03180471
vt 0.001769339 0.03594696
vt -0.001639059 0.0368224
vt 0.02175552 0.02623875
vt 0.01915266 0.02093743
vt 0.03596477 0.01219315
vt -0.0357938 0.01183684
vt -0.01899368 0.02081152
vt -0.02147952 0.0260383
vt -0.09662462 0.05484403
vt -0.1070441 0.03889962
vt -0.1064807 0.03849305
vt -0.0257392 0.117624
vt -0.021662 0.1193474
vt -0.02215178 0.1198881
vt -0.02619566 0.1181932
vt 0.09552389 0.04138173
vt 0.1028127 0.02286344
vt 0.09614114 0.04177072
vt 0.08792192 0.08756755
vt 0.08916581 0.08474685
vt 0.08981159 0.08508202
vt 0.08855009 0.08793475
vt -0.1031944 0.05949615
vt -0.08927899 0.07477318
vt -0.0896664 0.07539137
vt -0.1037951 0.05991004
vt -0.0875085 0.06940587
vt -0.08685978 0.07317124
vt -0.0875401 0.0734347
vt -0.08813084 0.06978662
vt -0.0443885 0.02576059
vt -0.04285101 0.02304608
vt -0.02466281 0.03346155
vt 0.02468491 0.03327221
vt 0.04260175 0.02297597
vt 0.04421531 0.02560331
vt 0.01610021 0.05881067
vt 0.01174765 0.05800516
vt 0.01196261 0.05419036
vt -0.01127527 0.05560793
vt -0.01107468 0.0592981
vt -0.0153886 0.06008292
vt 0.04662009 0.03288327
vt 0.03096288 0.04516764
vt 0.02702227 0.04037822
vt -0.02704179 0.04073254
vt -0.03096095 0.04537852
vt -0.04683577 0.03320883
vt 0.1046054 0.0599129
vt 0.1051597 0.06038737
vt 0.09286981 0.07616933
vt -0.03359332 0.1171514
vt -0.02928422 0.1195605
vt -0.02989329 0.1201001
vt -0.03416893 0.1177266
vt 0.09300403 0.04399318
vt 0.1025006 0.02393191
vt 0.09366179 0.04447223
vt 0.08515608 0.09256884
vt 0.08658066 0.08943966
vt 0.08729641 0.08982202
vt 0.08585177 0.09298669
vt -0.1006573 0.06636658
vt -0.08331198 0.08154238
vt -0.08366338 0.08227624
vt -0.1012709 0.06690095
vt -0.08509465 0.07070805
vt -0.0843303 0.07490028
vt -0.08508617 0.07520149
vt -0.08578456 0.07113941
vt -0.04974375 0.03058019
vt -0.04829598 0.02741637
vt -0.02708624 0.03724335
vt 0.0271458 0.03704172
vt 0.04804244 0.02732088
vt 0.04958316 0.03039514
vt 0.01746396 0.06193436
vt 0.01269317 0.0606649
vt 0.01325978 0.05644138
vt -0.01245531 0.05782299
vt -0.01191681 0.06190935
vt -0.01664684 0.06315084
vt 0.05139313 0.03781774
vt 0.03283518 0.0499932
vt 0.02890753 0.04429921
vt -0.02887798 0.0446726
vt -0.0327954 0.0502051
vt -0.05158419 0.03817734
vt 0.1030362 0.06508368
vt 0.1036039 0.06566671
vt 0.08835822 0.08195339
vt -0.02199256 0.122569
vt -0.01723995 0.1247191
vt -0.01783285 0.1253418
vt -0.022547 0.1232261
vt 0.09140837 0.04894499
vt 0.1022616 0.02815521
vt 0.0920831 0.04947788
vt 0.08073667 0.1009635
vt 0.08237608 0.09772159
vt 0.08311518 0.09815623
vt 0.08145302 0.1014348
vt -0.1022858 0.06769378
vt -0.08388556 0.08364527
vt -0.08425332 0.08442239
vt -0.1029315 0.06826136
vt -0.08187748 0.07803719
vt -0.08090442 0.08243342
vt -0.08169056 0.08278139
vt -0.08258887 0.07852
vt -0.05365088 0.03269079
vt -0.05201063 0.02940063
vt -0.02995824 0.0405248
vt 0.03002436 0.0403114
vt 0.05174919 0.02930907
vt 0.05348463 0.03250127
vt 0.02160824 0.0659476
vt 0.01652234 0.06478841
vt 0.01696015 0.06030709
vt -0.01619445 0.06174042
vt -0.01578139 0.06607585
vt -0.02082324 0.06720673
vt 0.0554806 0.04006749
vt 0.03629032 0.05354865
vt 0.03195129 0.04766707
vt -0.03191984 0.04805651
vt -0.03624221 0.05376821
vt -0.05568229 0.04043683
vt 0.1041556 0.06745695
vt 0.1047495 0.06807864
vt 0.08847772 0.08513356
vt -0.004050822 0.1259748
vt 0.001036589 0.1274223
vt 0.0005348271 0.1281353
vt -0.00450891 0.1267165
vt 0.08924977 0.05329558
vt 0.09963469 0.03190241
vt 0.08994944 0.05381572
vt 0.07578242 0.1096972
vt 0.07751428 0.1064459
vt 0.07825419 0.1069025
vt 0.07649848 0.1101903
vt -0.1039342 0.06513863
vt -0.08661179 0.0827361
vt -0.08704576 0.08349217
vt -0.1046324 0.06566064
vt -0.07768806 0.08914315
vt -0.07662565 0.09358349
vt -0.0774167 0.09394982
vt -0.07840096 0.0896449
vt -0.05497936 0.03752239
vt -0.05301826 0.03435209
vt -0.03178136 0.04762791
vt 0.03183582 0.04740659
vt 0.05275287 0.03428354
vt 0.0548011 0.03734604
vt 0.02587578 0.07405774
vt 0.02063757 0.07332402
vt 0.02069448 0.0687587
vt -0.02004763 0.07025308
vt -0.02000196 0.07466887
vt -0.02519305 0.07537924
vt 0.05730193 0.04489049
vt 0.03913445 0.06023509
vt 0.03422223 0.05468567
vt -0.03421462 0.05508183
vt -0.03909431 0.06046155
vt -0.05752865 0.04524698
vt 0.1046708 0.0678547
vt 0.1053105 0.06844702
vt 0.08990131 0.08671898
vt 0.007366424 0.1285937
vt 0.01263363 0.1298013
vt 0.01215943 0.1305553
vt 0.006938313 0.1293748
vt 0.08695401 0.05593692
vt 0.09812374 0.03436136
vt 0.08765487 0.05648657
vt 0.06938283 0.1189409
vt 0.0712525 0.1156747
vt 0.07199387 0.1161639
vt 0.07009871 0.1194668
vt -0.1048192 0.06625065
vt -0.08695473 0.08406319
vt -0.08739085 0.08483974
vt -0.1055275 0.06679059
vt -0.07255208 0.09651649
vt -0.07135081 0.1010237
vt -0.07214916 0.1014185
vt -0.07326705 0.0970476
vt -0.06069276 0.04216664
vt -0.05862233 0.03897005
vt -0.03721219 0.05298135
vt 0.03727093 0.0527505
vt 0.058357 0.03890113
vt 0.06051427 0.04198567
vt 0.03229203 0.07948374
vt 0.02692514 0.07885251
vt 0.02688023 0.0741882
vt -0.02626725 0.07570016
vt -0.02632038 0.08021149
vt -0.03163861 0.08081976
vt 0.0630561 0.04964733
vt 0.04480525 0.06568398
vt 0.03967681 0.0601136
vt -0.03966609 0.06051977
vt -0.04475761 0.06591775
vt -0.06328458 0.05000969
vt 0.1050907 0.07012918
vt 0.1057378 0.07074125
vt 0.08979702 0.08924007
vt 0.03280779 0.1276865
vt 0.03902521 0.127874
vt 0.03865809 0.1288312
vt 0.03249878 0.1286641
vt 0.07983516 0.06879018
vt 0.09205137 0.0436337
vt 0.08065786 0.06940199
vt 0.05721711 0.1369394
vt 0.05949803 0.1332564
vt 0.06033143 0.1338488
vt 0.05801969 0.1375728
vt -0.1044929 0.06854229
vt -0.08551918 0.090525
vt -0.08608655 0.09137883
vt -0.1053524 0.06910116
vt -0.06221817 0.119254
vt -0.06071511 0.1244086
vt -0.06162324 0.1248843
vt -0.06302667 0.1198844
vt -0.06771119 0.05590199
vt -0.06493755 0.05250707
vt -0.04221733 0.071249
vt 0.04228996 0.07098638
vt 0.06465955 0.05247029
vt 0.0675184 0.05572594
vt 0.0413605 0.09912603
vt 0.03514101 0.09902834
vt 0.03454628 0.09369218
vt -0.03405351 0.09529318
vt -0.03463811 0.1004534
vt -0.04079918 0.1005325
vt 0.07047456 0.06340121
vt 0.05156106 0.08400131
vt 0.04500601 0.07825746
vt -0.04499617 0.07870039
vt -0.05148729 0.08425201
vt -0.07073428 0.06376664
vt 0.1038395 0.07660962
vt 0.1046253 0.07726817
vt 0.08758751 0.09962463
vt 0.02337748 0.1270684
vt 0.02923218 0.1278358
vt 0.02879455 0.1287051
vt 0.0229928 0.1279624
vt 0.08157511 0.05916245
vt 0.09300454 0.03520127
vt 0.08236014 0.05973775
vt 0.06118531 0.1293102
vt 0.06323542 0.1257453
vt 0.06404444 0.1262815
vt 0.06196641 0.1298864
vt -0.1047487 0.06293105
vt -0.08636127 0.08346844
vt -0.0868851 0.08428864
vt -0.1055548 0.06347628
vt -0.06474479 0.1084294
vt -0.06343628 0.1133554
vt -0.06430898 0.1137862
vt -0.06552652 0.1090091
vt -0.0671633 0.05156472
vt -0.06470079 0.04820993
vt -0.04224027 0.06486037
vt 0.0423126 0.06460986
vt 0.06443007 0.0481569
vt 0.06698014 0.05138394
vt 0.03979064 0.09159763
vt 0.03389827 0.09121504
vt 0.03358315 0.08612788
vt -0.0330356 0.08765925
vt -0.03334986 0.09257905
vt -0.03918777 0.0929407
vt 0.06966887 0.0589072
vt 0.05076123 0.07754242
vt 0.04481843 0.0717862
vt -0.04480106 0.07221097
vt -0.05069274 0.07778152
vt -0.06990989 0.05926963
vt 0.104223 0.06982008
vt 0.1049608 0.07045494
vt 0.08851155 0.09146476
vt 0.05043791 0.1282566
vt 0.05674741 0.1271089
vt 0.05658305 0.1281531
vt 0.05033649 0.1293088
vt 0.07947014 0.08668888
vt 0.09324937 0.06136199
vt 0.0802883 0.08735813
vt 0.04874706 0.1468115
vt 0.0515174 0.1433082
vt 0.05230115 0.1440132
vt 0.04949442 0.147555
vt -0.1051836 0.08163473
vt -0.08578883 0.104442
vt -0.08638027 0.105318
vt -0.1060739 0.08220439
vt -0.05913284 0.1339536
vt -0.0571605 0.139126
vt -0.05805423 0.1396903
vt -0.05991142 0.1346685
vt -0.06583579 0.05408185
vt -0.06257736 0.0509496
vt -0.0416372 0.07294019
vt 0.04168314 0.07266468
vt 0.0622899 0.05094629
vt 0.06561869 0.0539251
vt 0.04351907 0.1032167
vt 0.03713723 0.1038485
vt 0.03590014 0.09845286
vt -0.03555588 0.1002065
vt -0.0367604 0.1054234
vt -0.04308043 0.1047812
vt 0.06936855 0.0619459
vt 0.05242001 0.08527111
vt 0.04503012 0.08015917
vt -0.04506209 0.08062019
vt -0.05236287 0.08554422
vt -0.06967123 0.06230083
vt 0.1044675 0.09007501
vt 0.1052777 0.09075405
vt 0.08770981 0.1138019
o group1786690528
g mesh1786690528
usemtl mat9
f 4/4/1 3/3/1 2/2/1 1/1/1
f 3/7/2 5/6/2 2/5/2
f 5/11/3 8/10/3 7/9/3 6/8/3
f 8/15/4 10/14/4 9/13/4 7/12/4
f 10/19/5 4/18/5 1/17/5 9/16/5
f 6/22/6 7/21/6 9/20/6
f 10/25/7 8/24/7 5/23/7
f 3/28/8 4/27/8 10/26/8
f 9/31/9 1/30/9 2/29/9
f 5/34/10 3/33/10 10/32/10
f 9/37/11 2/36/11 6/35/11
f 5/40/12 6/39/12 2/38/12
o group550429394
g mesh550429394
usemtl mat9
f 14/44/13 13/43/13 12/42/13 11/41/13
f 13/48/14 16/47/14 15/46/14 12/45/14
f 16/52/15 18/51/15 17/50/15 15/49/15
f 18/56/16 20/55/16 19/54/16 17/53/16
f 20/60/17 22/59/17 21/58/17 19/57/17
f 22/64/18 24/63/18 23/62/18 21/61/18
f 24/68/19 14/67/19 11/66/19 23/65/19
f 11/75/20 12/74/20 15/73/20 17/72/20 19/71/20 21/70/20 23/69/20
f 24/82/21 22/81/21 20/80/21 18/79/21 16/78/21 13/77/21 14/76/21
f 26/86/22 25/85/22 13/84/22 14/83/22
f 25/90/23 27/89/23 16/88/23 13/87/23
f 27/94/24 28/93/24 18/92/24 16/91/24
f 28/98/25 29/97/25 20/96/25 18/95/25
f 29/102/26 30/101/26 22/100/26 20/99/26
f 30/106/27 31/105/27 24/104/27 22/103/27
f 31/110/28 26/109/28 14/108/28 24/107/28
f 31/117/29 30/116/29 29/115/29 28/114/29 27/113/29 25/112/29 26/111/29
f 33/121/30 32/120/30 25/119/30 26/118/30
f 32/125/31 34/124/31 27/123/31 25/122/31
f 34/129/32 35/128/32 28/127/32 27/126/32
f 35/133/33 36/132/33 29/131/33 28/130/33
f 36/137/34 37/136/34 30/135/34 29/134/34
f 37/141/35 38/140/35 31/139/35 30/138/35
f 38/145/36 33/144/36 26/143/36 31/142/36
f 38/152/37 37/151/37 36/150/37 35/149/37 34/148/37 32/147/37 33/146/37
f 40/156/38 39/155/38 32/154/38 33/153/38
f 39/160/39 41/159/39 34/158/39 32/157/39
f 41/164/40 42/163/40 35/162/40 34/161/40
f 42/168/41 43/167/41 36/166/41 35/165/41
f 43/172/42 44/171/42 37/170/42 36/169/42
f 44/176/43 45/175/43 38/174/43 37/173/43
f 45/180/44 40/179/44 33/178/44 38/177/44
f 45/187/45 44/186/45 43/185/45 42/184/45 41/183/45 39/182/45 40/181/45
f 47/191/46 46/190/46 39/189/46 40/188/46
f 46/195/47 48/194/47 41/193/47 39/192/47
f 48/199/48 49/198/48 42/197/48 41/196/48
f 49/203/49 50/202/49 43/201/49 42/200/49
f 50/207/50 51/206/50 44/205/50 43/204/50
f 51/211/51 52/210/51 45/209/51 44/208/51
f 52/215/52 47/214/52 40/213/52 45/212/52
f 52/222/53 51/221/53 50/220/53 49/219/53 48/218/53 46/217/53 47/216/53
f 54/226/54 53/225/54 46/224/54 47/223/54
f 53/230/55 55/229/55 48/228/55 46/227/55
f 55/234/56 56/233/56 49/232/56 48/231/56
f 56/238/57 57/237/57 50/236/57 49/235/57
f 57/242/58 58/241/58 51/240/58 50/239/58
f 58/246/59 59/245/59 52/244/59 51/243/59
f 59/250/60 54/249/60 47/248/60 52/247/60
f 59/257/61 58/256/61 57/255/61 56/254/61 55/253/61 53/252/61 54/251/61
f 61/261/62 60/260/62 53/259/62 54/258/62
f 60/265/63 62/264/63 55/263/63 53/262/63
f 62/269/64 63/268/64 56/267/64 55/266/64
f 63/273/65 64/272/65 57/271/65 56/270/65
f 64/277/66 65/276/66 58/275/66 57/274/66
f 65/281/67 66/280/67 59/279/67 58/278/67
f 66/285/68 61/284/68 54/283/68 59/282/68
f 66/292/69 65/291/69 64/290/69 63/289/69 62/288/69 60/287/69 61/286/69
f 68/296/70 67/295/70 60/294/70 61/293/70
f 67/300/71 69/299/71 62/298/71 60/297/71
f 69/304/72 70/303/72 63/302/72 62/301/72
f 70/308/73 71/307/73 64/306/73 63/305/73
f 71/312/74 72/311/74 65/310/74 64/309/74
f 72/316/75 73/315/75 66/314/75 65/313/75
f 73/320/76 68/319/76 61/318/76 66/317/76
f 73/327/77 72/326/77 71/325/77 70/324/77 69/323/77 67/322/77 68/321/77
f 75/331/78 74/330/78 67/329/78 68/328/78
f 74/335/79 76/334/79 69/333/79 67/332/79
f 76/339/80 77/338/80 70/337/80 69/336/80
f 77/343/81 78/342/81 71/341/81 70/340/81
f 78/347/82 79/346/82 72/345/82 71/344/82
f 79/351/83 80/350/83 73/349/83 72/348/83
f 80/355/84 75/354/84 68/353/84 73/352/84
f 80/362/85 79/361/85 78/360/85 77/359/85 76/358/85 74/357/85 75/356/85
f 82/366/86 81/365/86 74/364/86 75/363/86
f 81/370/87 83/369/87 76/368/87 74/367/87
f 83/374/88 84/373/88 77/372/88 76/371/88
f 84/378/89 85/377/89 78/376/89 77/375/89
f 85/382/90 86/381/90 79/380/90 78/379/90
f 86/386/91 87/385/91 80/384/91 79/383/91
f 87/390/92 82/389/92 75/388/92 80/387/92
f 87/397/93 86/396/93 85/395/93 84/394/93 83/393/93 81/392/93 82/391/93
f 89/401/94 88/400/94 81/399/94 82/398/94
f 88/405/95 90/404/95 83/403/95 81/402/95
f 90/409/96 91/408/96 84/407/96 83/406/96
f 91/413/97 92/412/97 85/411/97 84/410/97
f 92/417/98 93/416/98 86/415/98 85/414/98
f 93/421/99 94/420/99 87/419/99 86/418/99
f 94/425/100 89/424/100 82/423/100 87/422/100
f 94/432/101 93/431/101 92/430/101 91/429/101 90/428/101 88/427/101 89/426/101
f 96/436/102 95/435/102 88/434/102 89/433/102
f 95/440/103 97/439/103 90/438/103 88/437/103
f 97/444/104 98/443/104 91/442/104 90/441/104
f 98/448/105 99/447/105 92/446/105 91/445/105
f 99/452/106 100/451/106 93/450/106 92/449/106
f 100/456/107 101/455/107 94/454/107 93/453/107
f 101/460/108 96/459/108 89/458/108 94/457/108
f 101/467/109 100/466/109 99/465/109 98/464/109 97/463/109 95/462/109 96/461/109
f 103/471/110 102/470/110 95/469/110 96/468/110
f 102/475/111 104/474/111 97/473/111 95/472/111
f 104/479/112 105/478/112 98/477/112 97/476/112
f 105/483/113 106/482/113 99/481/113 98/480/113
f 106/487/114 107/486/114 100/485/114 99/484/114
f 107/491/115 108/490/115 101/489/115 100/488/115
f 108/495/116 103/494/116 96/493/116 101/492/116
f 108/502/117 107/501/117 106/500/117 105/499/117 104/498/117 102/497/117 103/496/117
f 110/506/118 109/505/118 102/504/118 103/503/118
f 109/510/119 111/509/119 104/508/119 102/507/119
f 111/514/120 112/513/120 105/512/120 104/511/120
f 112/518/121 113/517/121 106/516/121 105/515/121
f 113/522/122 114/521/122 107/520/122 106/519/122
f 114/526/123 115/525/123 108/524/123 107/523/123
f 115/530/124 110/529/124 103/528/124 108/527/124
f 115/537/125 114/536/125 113/535/125 112/534/125 111/533/125 109/532/125 110/531/125
f 117/541/126 116/540/126 109/539/126 110/538/126
f 116/545/127 118/544/127 111/543/127 109/542/127
f 118/549/128 119/548/128 112/547/128 111/546/128
f 119/553/129 120/552/129 113/551/129 112/550/129
f 120/557/130 121/556/130 114/555/130 113/554/130
f 121/561/131 122/560/131 115/559/131 114/558/131
f 122/565/132 117/564/132 110/563/132 115/562/132
f 122/572/133 121/571/133 120/570/133 119/569/133 118/568/133 116/567/133 117/566/133
f 124/576/134 123/575/134 116/574/134 117/573/134
f 123/580/135 125/579/135 118/578/135 116/577/135
f 125/584/136 126/583/136 119/582/136 118/581/136
f 126/588/137 127/587/137 120/586/137 119/585/137
f 127/592/138 128/591/138 121/590/138 120/589/138
f 128/596/139 129/595/139 122/594/139 121/593/139
f 129/600/140 124/599/140 117/598/140 122/597/140
f 129/607/141 128/606/141 127/605/141 126/604/141 125/603/141 123/602/141 124/601/141
f 143/651/154 142/650/154 141/649/154 140/648/154
f 142/655/155 145/654/155 144/653/155 141/652/155
f 145/659/156 147/658/156 146/657/156 144/656/156
f 147/663/157 149/662/157 148/661/157 146/660/157
f 149/667/158 151/666/158 150/665/158 148/664/158
f 151/671/159 153/670/159 152/669/159 150/668/159
f 153/675/160 143/674/160 140/673/160 152/672/160
f 140/682/161 141/681/161 144/680/161 146/679/161 148/678/161 150/677/161 152/676/161
f 153/689/162 151/688/162 149/687/162 147/686/162 145/685/162 142/684/162 143/683/162
f 155/693/163 154/692/163 150/691/163 152/690/163
f 154/697/164 156/696/164 148/695/164 150/694/164
f 156/701/165 157/700/165 146/699/165 148/698/165
f 157/705/166 158/704/166 144/703/166 146/702/166
f 158/709/167 159/708/167 141/707/167 144/706/167
f 159/713/168 160/712/168 140/711/168 141/710/168
f 160/717/169 155/716/169 152/715/169 140/714/169
f 160/724/170 159/723/170 158/722/170 157/721/170 156/720/170 154/719/170 155/718/170
f 162/728/171 161/727/171 154/726/171 155/725/171
f 161/732/172 163/731/172 156/730/172 154/729/172
f 163/736/173 164/735/173 157/734/173 156/733/173
f 164/740/174 165/739/174 158/738/174 157/737/174
f 165/744/175 166/743/175 159/742/175 158/741/175
f 166/748/176 167/747/176 160/746/176 159/745/176
f 167/752/177 162/751/177 155/750/177 160/749/177
f 167/759/178 166/758/178 165/757/178 164/756/178 163/755/178 161/754/178 162/753/178
f 169/763/179 168/762/179 161/761/179 162/760/179
f 168/767/180 170/766/180 163/765/180 161/764/180
f 170/771/181 171/770/181 164/769/181 163/768/181
f 171/775/182 172/774/182 165/773/182 164/772/182
f 172/779/183 173/778/183 166/777/183 165/776/183
f 173/783/184 174/782/184 167/781/184 166/780/184
f 174/787/185 169/786/185 162/785/185 167/784/185
f 174/794/186 173/793/186 172/792/186 171/791/186 170/790/186 168/789/186 169/788/186
f 176/798/187 175/797/187 168/796/187 169/795/187
f 175/802/188 177/801/188 170/800/188 168/799/188
f 177/806/189 178/805/189 171/804/189 170/803/189
f 178/810/190 179/809/190 172/808/190 171/807/190
f 179/814/191 180/813/191 173/812/191 172/811/191
f 180/818/192 181/817/192 174/816/192 173/815/192
f 181/822/193 176/821/193 169/820/193 174/819/193
f 181/829/194 180/828/194 179/827/194 178/826/194 177/825/194 175/824/194 176/823/194
f 183/833/195 182/832/195 175/831/195 176/830/195
f 182/837/196 184/836/196 177/835/196 175/834/196
f 184/841/197 185/840/197 178/839/197 177/838/197
f 185/845/198 186/844/198 179/843/198 178/842/198
f 186/849/199 187/848/199 180/847/199 179/846/199
f 187/853/200 188/852/200 181/851/200 180/850/200
f 188/857/201 183/856/201 176/855/201 181/854/201
f 188/864/202 187/863/202 186/862/202 185/861/202 184/860/202 182/859/202 183/858/202
f 190/868/203 189/867/203 182/866/203 183/865/203
f 189/872/204 191/871/204 184/870/204 182/869/204
f 191/876/205 192/875/205 185/874/205 184/873/205
f 192/880/206 193/879/206 186/878/206 185/877/206
f 193/884/207 194/883/207 187/882/207 186/881/207
f 194/888/208 195/887/208 188/886/208 187/885/208
f 195/892/209 190/891/209 183/890/209 188/889/209
f 195/899/210 194/898/210 193/897/210 192/896/210 191/895/210 189/894/210 190/893/210
f 197/903/211 196/902/211 189/901/211 190/900/211
f 196/907/212 198/906/212 191/905/212 189/904/212
f 198/911/213 199/910/213 192/909/213 191/908/213
f 199/915/214 200/914/214 193/913/214 192/912/214
f 200/919/215 201/918/215 194/917/215 193/916/215
f 201/923/216 202/922/216 195/921/216 194/920/216
f 202/927/217 197/926/217 190/925/217 195/924/217
f 202/934/218 201/933/218 200/932/218 199/931/218 198/930/218 196/929/218 197/928/218
f 204/938/219 203/937/219 196/936/219 197/935/219
f 203/942/220 205/941/220 198/940/220 196/939/220
f 205/946/221 206/945/221 199/944/221 198/943/221
f 206/950/222 207/949/222 200/948/222 199/947/222
f 207/954/223 208/953/223 201/952/223 200/951/223
f 208/958/224 209/957/224 202/956/224 201/955/224
f 209/962/225 204/961/225 197/960/225 202/959/225
f 209/969/226 208/968/226 207/967/226 206/966/226 205/965/226 203/964/226 204/963/226
f 211/973/227 210/972/227 203/971/227 204/970/227
f 210/977/228 212/976/228 205/975/228 203/974/228
f 212/981/229 213/980/229 206/979/229 205/978/229
f 213/985/230 214/984/230 207/983/230 206/982/230
f 214/989/231 215/988/231 208/987/231 207/986/231
f 215/993/232 216/992/232 209/991/232 208/990/232
f 216/997/233 211/996/233 204/995/233 209/994/233
f 216/1004/234 215/1003/234 214/1002/234 213/1001/234 212/1000/234 210/999/234 211/998/234
f 218/1008/235 217/1007/235 210/1006/235 211/1005/235
f 217/1012/236 219/1011/236 212/1010/236 210/1009/236
f 219/1016/237 220/1015/237 213/1014/237 212/1013/237
f 220/1020/238 221/1019/238 214/1018/238 213/1017/238
f 221/1024/239 222/1023/239 215/1022/239 214/1021/239
f 222/1028/240 223/1027/240 216/1026/240 215/1025/240
f 223/1032/241 218/1031/241 211/1030/241 216/1029/241
f 223/1039/242 222/1038/242 221/1037/242 220/1036/242 219/1035/242 217/1034/242 218/1033/242
f 225/1043/243 224/1042/243 217/1041/243 218/1040/243
f 224/1047/244 226/1046/244 219/1045/244 217/1044/244
f 226/1051/245 227/1050/245 220/1049/245 219/1048/245
f 227/1055/246 228/1054/246 221/1053/246 220/1052/246
f 228/1059/247 229/1058/247 222/1057/247 221/1056/247
f 229/1063/248 230/1062/248 223/1061/248 222/1060/248
f 230/1067/249 225/1066/249 218/1065/249 223/1064/249
f 230/1074/250 229/1073/250 228/1072/250 227/1071/250 226/1070/250 224/1069/250 225/1068/250
f 232/1078/251 231/1077/251 224/1076/251 225/1075/251
f 231/1082/252 233/1081/252 226/1080/252 224/1079/252
f 233/1086/253 234/1085/253 227/1084/253 226/1083/253
f 234/1090/254 235/1089/254 228/1088/254 227/1087/254
f 235/1094/255 236/1093/255 229/1092/255 228/1091/255
f 236/1098/256 237/1097/256 230/1096/256 229/1095/256
f 237/1102/257 232/1101/257 225/1100/257 230/1099/257
f 237/1109/258 236/1108/258 235/1107/258 234/1106/258 233/1105/258 231/1104/258 232/1103/258
f 239/1113/259 238/1112/259 231/1111/259 232/1110/259
f 238/1117/260 240/1116/260 233/1115/260 231/1114/260
f 240/1121/261 241/1120/261 234/1119/261 233/1118/261
f 241/1125/262 242/1124/262 235/1123/262 234/1122/262
f 242/1129/263 243/1128/263 236/1127/263 235/1126/263
f 243/1133/264 244/1132/264 237/1131/264 236/1130/264
f 244/1137/265 239/1136/265 232/1135/265 237/1134/265
f 244/1144/266 243/1143/266 242/1142/266 241/1141/266 240/1140/266 238/1139/266 239/1138/266
f 246/1148/267 245/1147/267 238/1146/267 239/1145/267
f 245/1152/268 247/1151/268 240/1150/268 238/1149/268
f 247/1156/269 248/1155/269 241/1154/269 240/1153/269
f 248/1160/270 249/1159/270 242/1158/270 241/1157/270
f 249/1164/271 250/1163/271 243/1162/271 242/1161/271
f 250/1168/272 251/1167/272 244/1166/272 243/1165/272
f 251/1172/273 246/1171/273 239/1170/273 244/1169/273
f 251/1179/274 250/1178/274 249/1177/274 248/1176/274 247/1175/274 245/1174/274 246/1173/274
f 253/1183/275 252/1182/275 245/1181/275 246/1180/275
f 252/1187/276 254/1186/276 247/1185/276 245/1184/276
f 254/1191/277 255/1190/277 248/1189/277 247/1188/277
f 255/1195/278 256/1194/278 249/1193/278 248/1192/278
f 256/1199/279 257/1198/279 250/1197/279 249/1196/279
f 257/1203/280 258/1202/280 251/1201/280 250/1200/280
f 258/1207/281 253/1206/281 246/1205/281 251/1204/281
f 258/1214/282 257/1213/282 256/1212/282 255/1211/282 254/1210/282 252/1209/282 253/1208/282
f 262/1218/283 261/1217/283 260/1216/283 259/1215/283
f 261/1222/284 264/1221/284 263/1220/284 260/1219/284
f 264/1226/285 266/1225/285 265/1224/285 263/1223/285
f 266/1230/286 268/1229/286 267/1228/286 265/1227/286
f 268/1234/287 270/1233/287 269/1232/287 267/1231/287
f 270/1238/288 272/1237/288 271/1236/288 269/1235/288
f 272/1242/289 262/1241/289 259/1240/289 271/1239/289
f 259/1249/290 260/1248/290 263/1247/290 265/1246/290 267/1245/290 269/1244/290 271/1243/290
f 272/1256/291 270/1255/291 268/1254/291 266/1253/291 264/1252/291 261/1251/291 262/1250/291
f 274/1260/292 273/1259/292 269/1258/292 271/1257/292
f 273/1264/293 275/1263/293 267/1262/293 269/1261/293
f 275/1268/294 276/1267/294 265/1266/294 267/1265/294
f 276/1272/295 277/1271/295 263/1270/295 265/1269/295
f 277/1276/296 278/1275/296 260/1274/296 263/1273/296
f 278/1280/297 279/1279/297 259/1278/297 260/1277/297
f 279/1284/298 274/1283/298 271/1282/298 259/1281/298
f 279/1291/299 278/1290/299 277/1289/299 276/1288/299 275/1287/299 273/1286/299 274/1285/299
f 281/1295/300 280/1294/300 273/1293/300 274/1292/300
f 280/1299/301 282/1298/301 275/1297/301 273/1296/301
f 282/1303/302 283/1302/302 276/1301/302 275/1300/302
f 283/1307/303 284/1306/303 277/1305/303 276/1304/303
f 284/1311/304 285/1310/304 278/1309/304 277/1308/304
f 285/1315/305 286/1314/305 279/1313/305 278/1312/305
f 286/1319/306 281/1318/306 274/1317/306 279/1316/306
f 286/1326/307 285/1325/307 284/1324/307 283/1323/307 282/1322/307 280/1321/307 281/1320/307
f 288/1330/308 287/1329/308 280/1328/308 281/1327/308
f 287/1334/309 289/1333/309 282/1332/309 280/1331/309
f 289/1338/310 290/1337/310 283/1336/310 282/1335/310
f 290/1342/311 291/1341/311 284/1340/311 283/1339/311
f 291/1346/312 292/1345/312 285/1344/312 284/1343/312
f 292/1350/313 293/1349/313 286/1348/313 285/1347/313
f 293/1354/314 288/1353/314 281/1352/314 286/1351/314
f 293/1361/315 292/1360/315 291/1359/315 290/1358/315 289/1357/315 287/1356/315 288/1355/315
f 295/1365/316 294/1364/316 287/1363/316 288/1362/316
f 294/1369/317 296/1368/317 289/1367/317 287/1366/317
f 296/1373/318 297/1372/318 290/1371/318 289/1370/318
f 297/1377/319 298/1376/319 291/1375/319 290/1374/319
f 298/1381/320 299/1380/320 292/1379/320 291/1378/320
f 299/1385/321 300/1384/321 293/1383/321 292/1382/321
f 300/1389/322 295/1388/322 288/1387/322 293/1386/322
f 300/1396/323 299/1395/323 298/1394/323 297/1393/323 296/1392/323 294/1391/323 295/1390/323
f 302/1400/324 301/1399/324 294/1398/324 295/1397/324
f 301/1404/325 303/1403/325 296/1402/325 294/1401/325
f 303/1408/326 304/1407/326 297/1406/326 296/1405/326
f 304/1412/327 305/1411/327 298/1410/327 297/1409/327
f 305/1416/328 306/1415/328 299/1414/328 298/1413/328
f 306/1420/329 307/1419/329 300/1418/329 299/1417/329
f 307/1424/330 302/1423/330 295/1422/330 300/1421/330
f 307/1431/331 306/1430/331 305/1429/331 304/1428/331 303/1427/331 301/1426/331 302/1425/331
f 309/1435/332 308/1434/332 301/1433/332 302/1432/332
f 308/1439/333 310/1438/333 303/1437/333 301/1436/333
f 310/1443/334 311/1442/334 304/1441/334 303/1440/334
f 311/1447/335 312/1446/335 305/1445/335 304/1444/335
f 312/1451/336 313/1450/336 306/1449/336 305/1448/336
f 313/1455/337 314/1454/337 307/1453/337 306/1452/337
f 314/1459/338 309/1458/338 302/1457/338 307/1456/338
f 314/1466/339 313/1465/339 312/1464/339 311/1463/339 310/1462/339 308/1461/339 309/1460/339
f 316/1470/340 315/1469/340 308/1468/340 309/1467/340
f 315/1474/341 317/1473/341 310/1472/341 308/1471/341
f 317/1478/342 318/1477/342 311/1476/342 310/1475/342
f 318/1482/343 319/1481/343 312/1480/343 311/1479/343
f 319/1486/344 320/1485/344 313/1484/344 312/1483/344
f 320/1490/345 321/1489/345 314/1488/345 313/1487/345
f 321/1494/346 316/1493/346 309/1492/346 314/1491/346
f 321/1501/347 320/1500/347 319/1499/347 318/1498/347 317/1497/347 315/1496/347 316/1495/347
f 323/1505/348 322/1504/348 315/1503/348 316/1502/348
f 322/1509/349 324/1508/349 317/1507/349 315/1506/349
f 324/1513/350 325/1512/350 318/1511/350 317/1510/350
f 325/1517/351 326/1516/351 319/1515/351 318/1514/351
f 326/1521/352 327/1520/352 320/1519/352 319/1518/352
f 327/1525/353 328/1524/353 321/1523/353 320/1522/353
f 328/1529/354 323/1528/354 316/1527/354 321/1526/354
f 328/1536/355 327/1535/355 326/1534/355 325/1533/355 324/1532/355 322/1531/355 323/1530/355
f 330/1540/356 329/1539/356 322/1538/356 323/1537/356
f 329/1544/357 331/1543/357 324/1542/357 322/1541/357
f 331/1548/358 332/1547/358 325/1546/358 324/1545/358
f 332/1552/359 333/1551/359 326/1550/359 325/1549/359
f 333/1556/360 334/1555/360 327/1554/360 326/1553/360
f 334/1560/361 335/1559/361 328/1558/361 327/1557/361
f 335/1564/362 330/1563/362 323/1562/362 328/1561/362
f 335/1571/363 334/1570/363 333/1569/363 332/1568/363 331/1567/363 329/1566/363 330/1565/363
f 337/1575/364 336/1574/364 329/1573/364 330/1572/364
f 336/1579/365 338/1578/365 331/1577/365 329/1576/365
f 338/1583/366 339/1582/366 332/1581/366 331/1580/366
f 339/1587/367 340/1586/367 333/1585/367 332/1584/367
f 340/1591/368 341/1590/368 334/1589/368 333/1588/368
f 341/1595/369 342/1594/369 335/1593/369 334/1592/369
f 342/1599/370 337/1598/370 330/1597/370 335/1596/370
f 342/1606/371 341/1605/371 340/1604/371 339/1603/371 338/1602/371 336/1601/371 337/1600/371
f 344/1610/372 343/1609/372 336/1608/372 337/1607/372
f 343/1614/373 345/1613/373 338/1612/373 336/1611/373
f 345/1618/374 346/1617/374 339/1616/374 338/1615/374
f 346/1622/375 347/1621/375 340/1620/375 339/1619/375
f 347/1626/376 348/1625/376 341/1624/376 340/1623/376
f 348/1630/377 349/1629/377 342/1628/377 341/1627/377
f 349/1634/378 344/1633/378 337/1632/378 342/1631/378
f 349/1641/379 348/1640/379 347/1639/379 346/1638/379 345/1637/379 343/1636/379 344/1635/379
f 351/1645/380 350/1644/380 343/1643/380 344/1642/380
f 350/1649/381 352/1648/381 345/1647/381 343/1646/381
f 352/1653/382 353/1652/382 346/1651/382 345/1650/382
f 353/1657/383 354/1656/383 347/1655/383 346/1654/383
f 354/1661/384 355/1660/384 348/1659/384 347/1658/384
f 355/1665/385 356/1664/385 349/1663/385 348/1662/385
f 356/1669/386 351/1668/386 344/1667/386 349/1666/386
f 356/1676/387 355/1675/387 354/1674/387 353/1673/387 352/1672/387 350/1671/387 351/1670/387
f 358/1680/388 357/1679/388 350/1678/388 351/1677/388
f 357/1684/389 359/1683/389 352/1682/389 350/1681/389
f 359/1688/390 360/1687/390 353/1686/390 352/1685/390
f 360/1692/391 361/1691/391 354/1690/391 353/1689/391
f 361/1696/392 362/1695/392 355/1694/392 354/1693/392
f 362/1700/393 363/1699/393 356/1698/393 355/1697/393
f 363/1704/394 358/1703/394 351/1702/394 356/1701/394
f 363/1711/395 362/1710/395 361/1709/395 360/1708/395 359/1707/395 357/1706/395 358/1705/395
f 365/1715/396 364/1714/396 357/1713/396 358/1712/396
f 364/1719/397 366/1718/397 359/1717/397 357/1716/397
f 366/1723/398 367/1722/398 360/1721/398 359/1720/398
f 367/1727/399 368/1726/399 361/1725/399 360/1724/399
f 368/1731/400 369/1730/400 362/1729/400 361/1728/400
f 369/1735/401 370/1734/401 363/1733/401 362/1732/401
f 370/1739/402 365/1738/402 358/1737/402 363/1736/402
f 370/1746/403 369/1745/403 368/1744/403 367/1743/403 366/1742/403 364/1741/403 365/1740/403
f 372/1750/404 371/1749/404 364/1748/404 365/1747/404
f 371/1754/405 373/1753/405 366/1752/405 364/1751/405
f 373/1758/406 374/1757/406 367/1756/406 366/1755/406
f 374/1762/407 375/1761/407 368/1760/407 367/1759/407
f 375/1766/408 376/1765/408 369/1764/408 368/1763/408
f 376/1770/409 377/1769/409 370/1768/409 369/1767/409
f 377/1774/410 372/1773/410 365/1772/410 370/1771/410
f 377/1781/411 376/1780/411 375/1779/411 374/1778/411 373/1777/411 371/1776/411 372/1775/411
f 381/1785/412 380/1784/412 379/1783/412 378/1782/412
f 380/1789/413 383/1788/413 382/1787/413 379/1786/413
f 383/1793/414 385/1792/414 384/1791/414 382/1790/414
f 385/1797/415 387/1796/415 386/1795/415 384/1794/415
f 387/1801/416 389/1800/416 388/1799/416 386/1798/416
f 389/1805/417 391/1804/417 390/1803/417 388/1802/417
f 391/1809/418 381/1808/418 378/1807/418 390/1806/418
f 378/1816/419 379/1815/419 382/1814/419 384/1813/419 386/1812/419 388/1811/419 390/1810/419
f 391/1823/420 389/1822/420 387/1821/420 385/1820/420 383/1819/420 380/1818/420 381/1817/420
f 393/1827/421 392/1826/421 388/1825/421 390/1824/421
f 392/1831/422 394/1830/422 386/1829/422 388/1828/422
f 394/1835/423 395/1834/423 384/1833/423 386/1832/423
f 395/1839/424 396/1838/424 382/1837/424 384/1836/424
f 396/1843/425 397/1842/425 379/1841/425 382/1840/425
f 397/1847/426 398/1846/426 378/1845/426 379/1844/426
f 398/1851/427 393/1850/427 390/1849/427 378/1848/427
f 398/1858/428 397/1857/428 396/1856/428 395/1855/428 394/1854/428 392/1853/428 393/1852/428
f 400/1862/429 399/1861/429 392/1860/429 393/1859/429
f 399/1866/430 401/1865/430 394/1864/430 392/1863/430
f 401/1870/431 402/1869/431 395/1868/431 394/1867/431
f 402/1874/432 403/1873/432 396/1872/432 395/1871/432
f 403/1878/433 404/1877/433 397/1876/433 396/1875/433
f 404/1882/434 405/1881/434 398/1880/434 397/1879/434
f 405/1886/435 400/1885/435 393/1884/435 398/1883/435
f 405/1893/436 404/1892/436 403/1891/436 402/1890/436 401/1889/436 399/1888/436 400/1887/436
f 407/1897/437 406/1896/437 399/1895/437 400/1894/437
f 406/1901/438 408/1900/438 401/1899/438 399/1898/438
f 408/1905/439 409/1904/439 402/1903/439 401/1902/439
f 409/1909/440 410/1908/440 403/1907/440 402/1906/440
f 410/1913/441 411/1912/441 404/1911/441 403/1910/441
f 411/1917/442 412/1916/442 405/1915/442 404/1914/442
f 412/1921/443 407/1920/443 400/1919/443 405/1918/443
f 412/1928/444 411/1927/444 410/1926/444 409/1925/444 408/1924/444 406/1923/444 407/1922/444
f 414/1932/445 413/1931/445 406/1930/445 407/1929/445
f 413/1936/446 415/1935/446 408/1934/446 406/1933/446
f 415/1940/447 416/1939/447 409/1938/447 408/1937/447
f 416/1944/448 417/1943/448 410/1942/448 409/1941/448
f 417/1948/449 418/1947/449 411/1946/449 410/1945/449
f 418/1952/450 419/1951/450 412/1950/450 411/1949/450
f 419/1956/451 414/1955/451 407/1954/451 412/1953/451
f 419/1963/452 418/1962/452 417/1961/452 416/1960/452 415/1959/452 413/1958/452 414/1957/452
f 421/1967/453 420/1966/453 413/1965/453 414/1964/453
f 420/1971/454 422/1970/454 415/1969/454 413/1968/454
f 422/1975/455 423/1974/455 416/1973/455 415/1972/455
f 423/1979/456 424/1978/456 417/1977/456 416/1976/456
f 424/1983/457 425/1982/457 418/1981/457 417/1980/457
f 425/1987/458 426/1986/458 419/1985/458 418/1984/458
f 426/1991/459 421/1990/459 414/1989/459 419/1988/459
f 426/1998/460 425/1997/460 424/1996/460 423/1995/460 422/1994/460 420/1993/460 421/1992/460
f 428/2002/461 427/2001/461 420/2000/461 421/1999/461
f 427/2006/462 429/2005/462 422/2004/462 420/2003/462
f 429/2010/463 430/2009/463 423/2008/463 422/2007/463
f 430/2014/464 431/2013/464 424/2012/464 423/2011/464
f 431/2018/465 432/2017/465 425/2016/465 424/2015/465
f 432/2022/466 433/2021/466 426/2020/466 425/2019/466
f 433/2026/467 428/2025/467 421/2024/467 426/2023/467
f 433/2033/468 432/2032/468 431/2031/468 430/2030/468 429/2029/468 427/2028/468 428/2027/468
f 435/2037/469 434/2036/469 427/2035/469 428/2034/469
f 434/2041/470 436/2040/470 429/2039/470 427/2038/470
f 436/2045/471 437/2044/471 430/2043/471 429/2042/471
f 437/2049/472 438/2048/472 431/2047/472 430/2046/472
f 438/2053/473 439/2052/473 432/2051/473 431/2050/473
f 439/2057/474 440/2056/474 433/2055/474 432/2054/474
f 440/2061/475 435/2060/475 428/2059/475 433/2058/475
f 440/2068/476 439/2067/476 438/2066/476 437/2065/476 436/2064/476 434/2063/476 435/2062/476
f 442/2072/477 441/2071/477 434/2070/477 435/2069/477
f 441/2076/478 443/2075/478 436/2074/478 434/2073/478
f 443/2080/479 444/2079/479 437/2078/479 436/2077/479
f 444/2084/480 445/2083/480 438/2082/480 437/2081/480
f 445/2088/481 446/2087/481 439/2086/481 438/2085/481
f 446/2092/482 447/2091/482 440/2090/482 439/2089/482
f 447/2096/483 442/2095/483 435/2094/483 440/2093/483
f 447/2103/484 446/2102/484 445/2101/484 444/2100/484 443/2099/484 441/2098/484 442/2097/484
f 449/2107/485 448/2106/485 441/2105/485 442/2104/485
f 448/2111/486 450/2110/486 443/2109/486 441/2108/486
f 450/2115/487 451/2114/487 444/2113/487 443/2112/487
f 451/2119/488 452/2118/488 445/2117/488 444/2116/488
f 452/2123/489 453/2122/489 446/2121/489 445/2120/489
f 453/2127/490 454/2126/490 447/2125/490 446/2124/490
f 454/2131/491 449/2130/491 442/2129/491 447/2128/491
f 454/2138/492 453/2137/492 452/2136/492 451/2135/492 450/2134/492 448/2133/492 449/2132/492
f 456/2142/493 455/2141/493 448/2140/493 449/2139/493
f 455/2146/494 457/2145/494 450/2144/494 448/2143/494
f 457/2150/495 458/2149/495 451/2148/495 450/2147/495
f 458/2154/496 459/2153/496 452/2152/496 451/2151/496
f 459/2158/497 460/2157/497 453/2156/497 452/2155/497
f 460/2162/498 461/2161/498 454/2160/498 453/2159/498
f 461/2166/499 456/2165/499 449/2164/499 454/2163/499
f 461/2173/500 460/2172/500 459/2171/500 458/2170/500 457/2169/500 455/2168/500 456/2167/500
f 463/2177/501 462/2176/501 455/2175/501 456/2174/501
f 462/2181/502 464/2180/502 457/2179/502 455/2178/502
f 464/2185/503 465/2184/503 458/2183/503 457/2182/503
f 465/2189/504 466/2188/504 459/2187/504 458/2186/504
f 466/2193/505 467/2192/505 460/2191/505 459/2190/505
f 467/2197/506 468/2196/506 461/2195/506 460/2194/506
f 468/2201/507 463/2200/507 456/2199/507 461/2198/507
f 468/2208/508 467/2207/508 466/2206/508 465/2205/508 464/2204/508 462/2203/508 463/2202/508
f 470/2212/509 469/2211/509 462/2210/509 463/2209/509
f 469/2216/510 471/2215/510 464/2214/510 462/2213/510
f 471/2220/511 472/2219/511 465/2218/511 464/2217/511
f 472/2224/512 473/2223/512 466/2222/512 465/2221/512
f 473/2228/513 474/2227/513 467/2226/513 466/2225/513
f 474/2232/514 475/2231/514 468/2230/514 467/2229/514
f 475/2236/515 470/2235/515 463/2234/515 468/2233/515
f 475/2243/516 474/2242/516 473/2241/516 472/2240/516 471/2239/516 469/2238/516 470/2237/516
f 477/2247/517 476/2246/517 469/2245/517 470/2244/517
f 476/2251/518 478/2250/518 471/2249/518 469/2248/518
f 478/2255/519 479/2254/519 472/2253/519 471/2252/519
f 479/2259/520 480/2258/520 473/2257/520 472/2256/520
f 480/2263/521 481/2262/521 474/2261/521 473/2260/521
f 481/2267/522 482/2266/522 475/2265/522 474/2264/522
f 482/2271/523 477/2270/523 470/2269/523 475/2268/523
f 482/2278/524 481/2277/524 480/2276/524 479/2275/524 478/2274/524 476/2273/524 477/2272/524
f 484/2282/525 483/2281/525 476/2280/525 477/2279/525
f 483/2286/526 485/2285/526 478/2284/526 476/2283/526
f 485/2290/527 486/2289/527 479/2288/527 478/2287/527
f 486/2294/528 487/2293/528 480/2292/528 479/2291/528
f 487/2298/529 488/2297/529 481/2296/529 480/2295/529
f 488/2302/530 489/2301/530 482/2300/530 481/2299/530
f 489/2306/531 484/2305/531 477/2304/531 482/2303/531
f 489/2313/532 488/2312/532 487/2311/532 486/2310/532 485/2309/532 483/2308/532 484/2307/532
o group1155934595
g mesh1155934595
usemtl mat9
f 133/611/142 132/610/142 131/609/142 130/608/142
f 132/614/143 134/613/143 131/612/143
f 134/618/144 137/617/144 136/616/144 135/615/144
f 137/622/145 139/621/145 138/620/145 136/619/145
f 139/626/146 133/625/146 130/624/146 138/623/146
f 135/629/147 136/628/147 138/627/147
f 139/632/148 137/631/148 134/630/148
f 132/635/149 133/634/149 139/633/149
f 138/638/150 130/637/150 131/636/150
f 134/641/151 132/640/151 139/639/151
f 138/644/152 131/643/152 135/642/152
f 134/647/153 135/646/153 131/645/153
o group1829641902
g mesh1829641902
usemtl mat9
f 493/2317/533 492/2316/533 491/2315/533 490/2314/533
f 492/2320/534 494/2319/534 491/2318/534
f 494/2324/535 497/2323/535 496/2322/535 495/2321/535
f 497/2328/536 499/2327/536 498/2326/536 496/2325/536
f 499/2332/537 493/2331/537 490/2330/537 498/2329/537
f 495/2335/538 496/2334/538 498/2333/538
f 499/2338/539 497/2337/539 494/2336/539
f 492/2341/540 493/2340/540 499/2339/540
f 498/2344/541 490/2343/541 491/2342/541
f 494/2347/542 492/2346/542 499/2345/542
f 498/2350/543 491/2349/543 495/2348/543
f 494/2353/544 495/2352/544 491/2351/544
o group32595191
g mesh32595191
usemtl mat9
f 503/2357/545 502/2356/545 501/2355/545 500/2354/545
f 502/2360/546 504/2359/546 501/2358/546
f 504/2364/547 507/2363/547 506/2362/547 505/2361/547
f 507/2368/548 509/2367/548 508/2366/548 506/2365/548
f 509/2372/549 503/2371/549 500/2370/549 508/2369/549
f 505/2375/550 506/2374/550 508/2373/550
f 509/2378/551 507/2377/551 504/2376/551
f 502/2381/552 503/2380/552 509/2379/552
f 508/2384/553 500/2383/553 501/2382/553
f 504/2387/554 502/2386/554 509/2385/554
f 508/2390/555 501/2389/555 505/2388/555
f 504/2393/556 505/2392/556 501/2391/556
o group1221620558
g mesh1221620558
usemtl mat9
f 513/2397/557 512/2396/557 511/2395/557 510/2394/557
f 512/2400/558 514/2399/558 511/2398/558
f 514/2404/559 517/2403/559 516/2402/559 515/2401/559
f 517/2408/560 519/2407/560 518/2406/560 516/2405/560
f 519/2412/561 513/2411/561 510/2410/561 518/2409/561
f 515/2415/562 516/2414/562 518/2413/562
f 519/2418/563 517/2417/563 514/2416/563
f 512/2421/564 513/2420/564 519/2419/564
f 518/2424/565 510/2423/565 511/2422/565
f 514/2427/566 512/2426/566 519/2425/566
f 518/2430/567 511/2429/567 515/2428/567
f 514/2433/568 515/2432/568 511/2431/568
o group2094548441
g mesh2094548441
usemtl mat9
f 523/2437/569 522/2436/569 521/2435/569 520/2434/569
f 522/2440/570 524/2439/570 521/2438/570
f 524/2444/571 527/2443/571 526/2442/571 525/2441/571
f 527/2448/572 529/2447/572 528/2446/572 526/2445/572
f 529/2452/573 523/2451/573 520/2450/573 528/2449/573
f 525/2455/574 526/2454/574 528/2453/574
f 529/2458/575 527/2457/575 524/2456/575
f 522/2461/576 523/2460/576 529/2459/576
f 528/2464/577 520/2463/577 521/2462/577
f 524/2467/578 522/2466/578 529/2465/578
f 528/2470/579 521/2469/579 525/2468/579
f 524/2473/580 525/2472/580 521/2471/580
o group984928269
g mesh984928269
usemtl mat9
f 533/2477/581 532/2476/581 531/2475/581 530/2474/581
f 532/2480/582 534/2479/582 531/2478/582
f 534/2484/583 537/2483/583 536/2482/583 535/2481/583
f 537/2488/584 539/2487/584 538/2486/584 536/2485/584
f 539/2492/585 533/2491/585 530/2490/585 538/2489/585
f 535/2495/586 536/2494/586 538/2493/586
f 539/2498/587 537/2497/587 534/2496/587
f 532/2501/588 533/2500/588 539/2499/588
f 538/2504/589 530/2503/589 531/2502/589
f 534/2507/590 532/2506/590 539/2505/590
f 538/2510/591 531/2509/591 535/2508/591
f 534/2513/592 535/2512/592 531/2511/592
o group1722933497
g mesh1722933497
usemtl mat9
f 543/2517/593 542/2516/593 541/2515/593 540/2514/593
f 542/2520/594 544/2519/594 541/2518/594
f 544/2524/595 547/2523/595 546/2522/595 545/2521/595
f 547/2528/596 549/2527/596 548/2526/596 546/2525/596
f 549/2532/597 543/2531/597 540/2530/597 548/2529/597
f 545/2535/598 546/2534/598 548/2533/598
f 549/2538/599 547/2537/599 544/2536/599
f 542/2541/600 543/2540/600 549/2539/600
f 548/2544/601 540/2543/601 541/2542/601
f 544/2547/602 542/2546/602 549/2545/602
f 548/2550/603 541/2549/603 545/2548/603
f 544/2553/604 545/2552/604 541/2551/604
o group509826862
g mesh509826862
usemtl mat9
f 553/2557/605 552/2556/605 551/2555/605 550/2554/605
f 552/2560/606 554/2559/606 551/2558/606
f 554/2564/607 557/2563/607 556/2562/607 555/2561/607
f 557/2568/608 559/2567/608 558/2566/608 556/2565/608
f 559/2572/609 553/2571/609 550/2570/609 558/2569/609
f 555/2575/610 556/2574/610 558/2573/610
f 559/2578/611 557/2577/611 554/2576/611
f 552/2581/612 553/2580/612 559/2579/612
f 558/2584/613 550/2583/613 551/2582/613
f 554/2587/614 552/2586/614 559/2585/614
f 558/2590/615 551/2589/615 555/2588/615
f 554/2593/616 555/2592/616 551/2591/616
o group1399522646
g mesh1399522646
usemtl mat9
f 563/2597/617 562/2596/617 561/2595/617 560/2594/617
f 562/2600/618 564/2599/618 561/2598/618
f 564/2604/619 567/2603/619 566/2602/619 565/2601/619
f 567/2608/620 569/2607/620 568/2606/620 566/2605/620
f 569/2612/621 563/2611/621 560/2610/621 568/2609/621
f 565/2615/622 566/2614/622 568/2613/622
f 569/2618/623 567/2617/623 564/2616/623
f 562/2621/624 563/2620/624 569/2619/624
f 568/2624/625 560/2623/625 561/2622/625
f 564/2627/626 562/2626/626 569/2625/626
f 568/2630/627 561/2629/627 565/2628/627
f 564/2633/628 565/2632/628 561/2631/628
o group2057830244
g mesh2057830244
usemtl mat9
f 573/2637/629 572/2636/629 571/2635/629 570/2634/629
f 572/2640/630 574/2639/630 571/2638/630
f 574/2644/631 577/2643/631 576/2642/631 575/2641/631
f 577/2648/632 579/2647/632 578/2646/632 576/2645/632
f 579/2652/633 573/2651/633 570/2650/633 578/2649/633
f 575/2655/634 576/2654/634 578/2653/634
f 579/2658/635 577/2657/635 574/2656/635
f 572/2661/636 573/2660/636 579/2659/636
f 578/2664/637 570/2663/637 571/2662/637
f 574/2667/638 572/2666/638 579/2665/638
f 578/2670/639 571/2669/639 575/2668/639
f 574/2673/640 575/2672/640 571/2671/640
o group1423844111
g mesh1423844111
usemtl mat9
f 583/2677/641 582/2676/641 581/2675/641 580/2674/641
f 582/2680/642 584/2679/642 581/2678/642
f 584/2684/643 587/2683/643 586/2682/643 585/2681/643
f 587/2688/644 589/2687/644 588/2686/644 586/2685/644
f 589/2692/645 583/2691/645 580/2690/645 588/2689/645
f 585/2695/646 586/2694/646 588/2693/646
f 589/2698/647 587/2697/647 584/2696/647
f 582/2701/648 583/2700/648 589/2699/648
f 588/2704/649 580/2703/649 581/2702/649
f 584/2707/650 582/2706/650 589/2705/650
f 588/2710/651 581/2709/651 585/2708/651
f 584/2713/652 585/2712/652 581/2711/652
o group1430845014
g mesh1430845014
usemtl mat9
f 593/2717/653 592/2716/653 591/2715/653 590/2714/653
f 592/2720/654 594/2719/654 591/2718/654
f 594/2724/655 597/2723/655 596/2722/655 595/2721/655
f 597/2728/656 599/2727/656 598/2726/656 596/2725/656
f 599/2732/657 593/2731/657 590/2730/657 598/2729/657
f 595/2735/658 596/2734/658 598/2733/658
f 599/2738/659 597/2737/659 594/2736/659
f 592/2741/660 593/2740/660 599/2739/660
f 598/2744/661 590/2743/661 591/2742/661
f 594/2747/662 592/2746/662 599/2745/662
f 598/2750/663 591/2749/663 595/2748/663
f 594/2753/664 595/2752/664 591/2751/664
o group389324641
g mesh389324641
usemtl mat9
f 603/2757/665 602/2756/665 601/2755/665 600/2754/665
f 602/2760/666 604/2759/666 601/2758/666
f 604/2764/667 607/2763/667 606/2762/667 605/2761/667
f 607/2768/668 609/2767/668 608/2766/668 606/2765/668
f 609/2772/669 603/2771/669 600/2770/669 608/2769/669
f 605/2775/670 606/2774/670 608/2773/670
f 609/2778/671 607/2777/671 604/2776/671
f 602/2781/672 603/2780/672 609/2779/672
f 608/2784/673 600/2783/673 601/2782/673
f 604/2787/674 602/2786/674 609/2785/674
f 608/2790/675 601/2789/675 605/2788/675
f 604/2793/676 605/2792/676 601/2791/676
o group1780274311
g mesh1780274311
usemtl mat9
f 613/2797/677 612/2796/677 611/2795/677 610/2794/677
f 612/2800/678 614/2799/678 611/2798/678
f 614/2804/679 617/2803/679 616/2802/679 615/2801/679
f 617/2808/680 619/2807/680 618/2806/680 616/2805/680
f 619/2812/681 613/2811/681 610/2810/681 618/2809/681
f 615/2815/682 616/2814/682 618/2813/682
f 619/2818/683 617/2817/683 614/2816/683
f 612/2821/684 613/2820/684 619/2819/684
f 618/2824/685 610/2823/685 611/2822/685
f 614/2827/686 612/2826/686 619/2825/686
f 618/2830/687 611/2829/687 615/2828/687
f 614/2833/688 615/2832/688 611/2831/688
o group569697423
g mesh569697423
usemtl mat9
f 623/2837/689 622/2836/689 621/2835/689 620/2834/689
f 622/2840/690 624/2839/690 621/2838/690
f 624/2844/691 627/2843/691 626/2842/691 625/2841/691
f 627/2848/692 629/2847/692 628/2846/692 626/2845/692
f 629/2852/693 623/2851/693 620/2850/693 628/2849/693
f 625/2855/694 626/2854/694 628/2853/694
f 629/2858/695 627/2857/695 624/2856/695
f 622/2861/696 623/2860/696 629/2859/696
f 628/2864/697 620/2863/697 621/2862/697
f 624/2867/698 622/2866/698 629/2865/698
f 628/2870/699 621/2869/699 625/2868/699
f 624/2873/700 625/2872/700 621/2871/700
o group1273039091
g mesh1273039091
usemtl mat9
f 633/2877/701 632/2876/701 631/2875/701 630/2874/701
f 632/2880/702 634/2879/702 631/2878/702
f 637/2884/703 636/2883/703 635/2882/703 634/2881/703
f 636/2888/704 639/2887/704 638/2886/704 635/2885/704
f 639/2892/705 633/2891/705 630/2890/705 638/2889/705
f 639/2895/706 636/2894/706 637/2893/706
f 634/2898/707 635/2897/707 638/2896/707
f 638/2901/708 630/2900/708 631/2899/708
f 632/2904/709 633/2903/709 639/2902/709
f 638/2907/710 631/2906/710 634/2905/710
f 637/2910/711 632/2909/711 639/2908/711
f 632/2913/712 637/2912/712 634/2911/712
o group1214773889
g mesh1214773889
usemtl mat9
f 643/2917/713 642/2916/713 641/2915/713 640/2914/713
f 642/2920/714 644/2919/714 641/2918/714
f 647/2924/715 646/2923/715 645/2922/715 644/2921/715
f 646/2928/716 649/2927/716 648/2926/716 645/2925/716
f 649/2932/717 643/2931/717 640/2930/717 648/2929/717
f 649/2935/718 646/2934/718 647/2933/718
f 644/2938/719 645/2937/719 648/2936/719
f 648/2941/720 640/2940/720 641/2939/720
f 642/2944/721 643/2943/721 649/2942/721
f 648/2947/722 641/2946/722 644/2945/722
f 647/2950/723 642/2949/723 649/2948/723
f 642/2953/724 647/2952/724 644/2951/724
o group1833874019
g mesh1833874019
usemtl mat9
f 653/2957/725 652/2956/725 651/2955/725 650/2954/725
f 652/2960/726 654/2959/726 651/2958/726
f 657/2964/727 656/2963/727 655/2962/727 654/2961/727
f 656/2968/728 659/2967/728 658/2966/728 655/2965/728
f 659/2972/729 653/2971/729 650/2970/729 658/2969/729
f 659/2975/730 656/2974/730 657/2973/730
f 654/2978/731 655/2977/731 658/2976/731
f 658/2981/732 650/2980/732 651/2979/732
f 652/2984/733 653/2983/733 659/2982/733
f 658/2987/734 651/2986/734 654/2985/734
f 657/2990/735 652/2989/735 659/2988/735
f 652/2993/736 657/2992/736 654/2991/736
o group1914935119
g mesh1914935119
usemtl mat9
f 663/2997/737 662/2996/737 661/2995/737 660/2994/737
f 662/3000/738 664/2999/738 661/2998/738
f 667/3004/739 666/3003/739 665/3002/739 664/3001/739
f 666/3008/740 669/3007/740 668/3006/740 665/3005/740
f 669/3012/741 663/3011/741 660/3010/741 668/3009/741
f 669/3015/742 666/3014/742 667/3013/742
f 664/3018/743 665/3017/743 668/3016/743
f 668/3021/744 660/3020/744 661/3019/744
f 662/3024/745 663/3023/745 669/3022/745
f 668/3027/746 661/3026/746 664/3025/746
f 667/3030/747 662/3029/747 669/3028/747
f 662/3033/748 667/3032/748 664/3031/748
o group61108379
g mesh61108379
usemtl mat9
f 673/3037/749 672/3036/749 671/3035/749 670/3034/749
f 672/3040/750 674/3039/750 671/3038/750
f 677/3044/751 676/3043/751 675/3042/751 674/3041/751
f 676/3048/752 679/3047/752 678/3046/752 675/3045/752
f 679/3052/753 673/3051/753 670/3050/753 678/3049/753
f 679/3055/754 676/3054/754 677/3053/754
f 674/3058/755 675/3057/755 678/3056/755
f 678/3061/756 670/3060/756 671/3059/756
f 672/3064/757 673/3063/757 679/3062/757
f 678/3067/758 671/3066/758 674/3065/758
f 677/3070/759 672/3069/759 679/3068/759
f 672/3073/760 677/3072/760 674/3071/760
o group1439172452
g mesh1439172452
usemtl mat9
f 683/3077/761 682/3076/761 681/3075/761 680/3074/761
f 682/3080/762 684/3079/762 681/3078/762
f 687/3084/763 686/3083/763 685/3082/763 684/3081/763
f 686/3088/764 689/3087/764 688/3086/764 685/3085/764
f 689/3092/765 683/3091/765 680/3090/765 688/3089/765
f 689/3095/766 686/3094/766 687/3093/766
f 684/3098/767 685/3097/767 688/3096/767
f 688/3101/768 680/3100/768 681/3099/768
f 682/3104/769 683/3103/769 689/3102/769
f 688/3107/770 681/3106/770 684/3105/770
f 687/3110/771 682/3109/771 689/3108/771
f 682/3113/772 687/3112/772 684/3111/772
o group1140446676
g mesh1140446676
usemtl mat9
f 693/3117/773 692/3116/773 691/3115/773 690/3114/773
f 692/3120/774 694/3119/774 691/3118/774
f 697/3124/775 696/3123/775 695/3122/775 694/3121/775
f 696/3128/776 699/3127/776 698/3126/776 695/3125/776
f 699/3132/777 693/3131/777 690/3130/777 698/3129/777
f 699/3135/778 696/3134/778 697/3133/778
f 694/3138/779 695/3137/779 698/3136/779
f 698/3141/780 690/3140/780 691/3139/780
f 692/3144/781 693/3143/781 699/3142/781
f 698/3147/782 691/3146/782 694/3145/782
f 697/3150/783 692/3149/783 699/3148/783
f 692/3153/784 697/3152/784 694/3151/784
o group230046630
g mesh230046630
usemtl mat9
f 703/3157/785 702/3156/785 701/3155/785 700/3154/785
f 702/3160/786 704/3159/786 701/3158/786
f 707/3164/787 706/3163/787 705/3162/787 704/3161/787
f 706/3168/788 709/3167/788 708/3166/788 705/3165/788
f 709/3172/789 703/3171/789 700/3170/789 708/3169/789
f 709/3175/790 706/3174/790 707/3173/790
f 704/3178/791 705/3177/791 708/3176/791
f 708/3181/792 700/3180/792 701/3179/792
f 702/3184/793 703/3183/793 709/3182/793
f 708/3187/794 701/3186/794 704/3185/794
f 707/3190/795 702/3189/795 709/3188/795
f 702/3193/796 707/3192/796 704/3191/796
